classification	Backbone Hbond	CF Helix	CF Strand	Class	Classification	Electrostatic kon	Electrostatics	Entropy Mainchain	Entropy Sidechain	FTIR Image	FTIR peaks	Hydrophobicity	Model	Mutant	PASTA antiparallel	PASTA parallel	Position	Proteostat binding	Reference	Sequence	Sidechain Hbond	Solvation Hydrophobic	Solvation Polar	Stability	Structures	TANGO	TEM Staining	TEM image	THT image	Th-T Binding	UniProt AC	UniProt ID	VdW	VdW Clashes	WALTZ
amyloid	-52.6	111.3	111.8	1	amyloid	2.4	4.8	83.9	30.9			66.7	AAIIGQ.pdb		-0.5	-2.94	46		27245712	AAIIGQ	-13.8	-81.6	79.1	-4.5	N.A.	0	N.A.				CSGB_ECOLI	P0ABK7	-58.2	0	0
amyloid	-51.7	108	128.7	1	amyloid	1.8	4.4	73.7	19.2			83.3	AATVYV.pdb	L38A	-2.47	-4.52	38			AATVYV	-2.6	-81.6	79.9	-4.9	N.A.	1.1	yes	48_ApoAI_L1A_1mM_03_15000x.jpg	LATVYV_ 48.jpg	yes	APOA1_HUMAN	P02647	-57.7	8.2	1.9
amyloid	-50.1	116.8	119.5	1	amyloid	3.1	4.9	67	17.6			66.7	AEVVFT.pdb		-3.05	-4.98	111		26459562	AEVVFT	0	-82.6	73.6	-7.9	N.A.	0	N.A.				TTHY_HUMAN	P02766	-57.6	12.7	71.3
amyloid	-49.8	92.3	117	2	amyloid	3.8	2.9	79.4	25.3			66.7	AGVNYF.pdb		-1.65	-2.61	84		20154676	AGVNYF	-8.9	-80.9	72.1	-5.8	N.A.	0	N.A.				CYTC_HUMAN	P01034	-59.3	6.3	568.9
amyloid	-34.9	113.5	118.8	2	amyloid	5.4	11.6	86.7	28.8			83.3	AIIGLM.pdb		-1.44	-3.55	701		21949245	AIIGLM	0	-100.3	85.3	26.3	N.A.	0	N.A.				A4_HUMAN	P05067	-66	6.1	0
amyloid	-48.9	101.3	107	1	amyloid	3.1	4.8	66.8	22.8			50	AILSST.pdb		-2.78	-2.39	58		19684598	AILSST	-7.2	-67.6	74.3	-0.2	3FOD	0	no				IAPP_HUMAN	P10997	-50.4	0.4	0
amyloid	-37.7	109.3	104.2	6	amyloid	-1.3	-1.7	68.4	10.7			66.7	AIVAGD.pdb		0.12	-0.62	0		21205900	AIVAGD	0	-53.7	49.1	10.5	N.A.	0	N.A.				N.A.	N.A.	-37.7	11.7	0
amyloid	-41.7	105.3	107.7	6	amyloid	-1.1	-1.3	67.7	14.1			66.7	AIVAGS.pdb		-1.23	-2.04	0		21205900	AIVAGS	-4.1	-52.3	48.8	6.5	N.A.	0	N.A.				N.A.	N.A.	-37.3	11.1	0
amyloid	-41.2	106.3	115	6	amyloid	-1.1	-1.3	67.9	13.9			66.7	AIVAGT.pdb		-2.02	-2.03	0		21205900	AIVAGT	-3.6	-52.8	48.2	6.9	N.A.	0	N.A.				N.A.	N.A.	-37.3	11.2	0
amyloid	-54.7	119.5	92.2	1	amyloid	6.3	7.3	78.7	33.7			50	ALEEYT.pdb		-0.88	2.21	256		20154676	ALEEYT	-17.3	-71.6	76.7	6.8	N.A.	0	N.A.				APOA1_HUMAN	P02647	-53.7	0.3	27.3
amyloid	-52.7	108.2	116.2	2	amyloid	2.7	4.6	74.1	31.7			66.7	ANFLVH.pdb		-1.85	-3.63	46		26629790	ANFLVH	-15.8	-88.8	93.7	-13.2	N.A.	0	N.A.				IAPP_HUMAN	P10997	-65.1	0.2	0
amyloid	-52.7	109.8	121	1	amyloid	2.5	5.1	69.2	31.7			66.7	AQFIIS.pdb		-3.27	-4.37	204		20154676	AQFIIS	-6.3	-98.3	75.6	-27	N.A.	0	N.A.				PO2F1_HUMAN	P14859	-66.8	10.8	599.3
amyloid	-54.8	84.8	90.7	6	amyloid	-1.9	-5.1	74.6	26.5			33.3	ASSSNY.pdb		-0.31	0.03	46		20133726	ASSSNY	-27.3	-30.9	67.3	14.9	N.A.	0	N.A.				RNAS1_BOVIN	P61823	-34.9	1.2	0
amyloid	-53.3	116.3	121.5	1	amyloid	6.6	10.7	63.4	25			66.7	ATVIIE.pdb		-3.75	-4.53	0		16537487	ATVIIE	-0.2	-90.7	73.6	-21.8	N.A.	0	N.A.				N.A.	N.A.	-59.7	0.4	480.1
amyloid	-49.2	116.2	117.2	1	amyloid	2	1	66.1	25.2			66.7	ATVQAF.pdb	C280A	-1.08	-1.04	276		24069181	ATVQAF	-8.4	-68.6	69.4	-10.1	N.A.	0	N.A.				ZP1_HUMAN	P60852	-50	2.3	0
amyloid	-45.1	107.7	143	7	amyloid	-2.1	-9.7	65.5	34.8			100	AVFIIY.pdb		-4.53	-7.27			23815227	AVFIIY	0	-104.9	78.3	-43.6	N.A.	203.6	N.A.				N.A.	N.A.	-69.4	2.9	597.3
amyloid	-51.8	96	134.7	1	amyloid	1.8	4.4	74	21.5			83.3	CATVYV.pdb	L38C	-2.61	-4.52	38			CATVYV	-2.5	-84.3	84.3	-3.5	N.A.	0.2	yes				APOA1_HUMAN	P02647	-60.8	8.4	0
amyloid	-51.2	84.3	126.5	1	amyloid	3.4	7.7	83	25.1	CGVIGI.png	1677.79/1639.93	66.7	CGVIGI.pdb		-5.07	-3.91	147	0		CGVIGI	-0.3	-84.9	67.9	0.5	N.A.	0	yes	CGVIGI.png			SODC_HUMAN	P00441	-55.8	1	0
amyloid	-51.1	96.2	126.5	1	amyloid	3.8	5.4	71.9	38.2			83.3	CILFWG.pdb		-4.13	-4.59			25133634	CILFWG	0	-108.3	67.9	-42.2	N.A.	8.6	N.A.				N.A.	N.A.	-73	2.1	0
amyloid	-52.3	96.3	130	1	amyloid	3.3	5	68.6	38.8			66.7	CQIVYK.pdb	V623C	-2.48	-3.07	623			CQIVYK	-5	-94	75.5	-23.9	N.A.	0	yes	19_wt2_V1C_1mM_04_15000x.jpg	VQIVYK_ 19.jpg	yes	TAU_HUMAN	P10636	-65.7	1.1	0
amyloid	-50.5	82.5	126.2	1	amyloid	3.8	5.4	69.3	33.8			66.7	CTIYWG.pdb		-3.46	-3.46			25133634	CTIYWG	-3.1	-84.6	67.1	-18.1	N.A.	0	N.A.				N.A.	N.A.	-61.1	0.5	0
amyloid	-50.7	91.2	119.5	1	amyloid	3.3	6.8	72.5	33.3			66.7	CTLWWG.pdb		-1.51	-2.71			25133634	CTLWWG	-4.2	-104.4	86.3	-21.7	N.A.	0	N.A.				N.A.	N.A.	-74.7	7	0
amyloid	-52.8	89.5	130.2	1	amyloid	2.5	6.1	65	27.5			66.7	CTVFIG.pdb		-2.72	-5.02			25133634	CTVFIG	-1	-92.7	64.8	-39.9	N.A.	0	N.A.				N.A.	N.A.	-61.9	0.6	1.3
amyloid	-52.5	88.7	126.2	1	amyloid	3.2	4.8	70.5	24.3			66.7	CTVWWG.pdb		-2.85	-3.96			25133634	CTVWWG	-0.9	-78.6	70.8	-13.8	N.A.	1.3	N.A.				N.A.	N.A.	-59.7	2.6	0.4
amyloid	-51	89.2	118.5	1	amyloid	3.1	5.5	68.7	25			50	DCVNIT.pdb		-4.18	-3.23	178		20154676	DCVNIT	-11.4	-64.4	77.6	3	N.A.	0	N.A.				PRIO_HUMAN	P04156	-50.7	0.1	163.3
amyloid	-52	101.3	96.7	1	amyloid	4.6	7	74	37.2			33.3	DFNKFH.pdb		-0.15	-0.42	99		12095997	DFNKFH	-15.1	-87.2	86.2	-9.8	N.A.	0	N.A.				CALC_HUMAN	P01258	-67.2	1.4	0
amyloid	-52.8	90.7	109.2	1	amyloid	5.4	7.5	70.5	28.2	DHCIIG.png	1678.75/1646/1637.88	50	DHCIIG.pdb		-3.94	-2.29	110	16.36		DHCIIG	0	-80.3	69.1	-8.3	N.A.	0	yes	DHCIIG.png			SODC_HUMAN	P00441	-57	0.2	0.3
amyloid	-53.2	99.2	119.5	1	amyloid	5.3	8.2	71.2	35.6			66.7	DHCIIW.pdb	G115W	-5.17	-4.51	0			DHCIIW	-2.8	-96.3	87.7	-9.7	N.A.	0	yes	DHCIIW.png			SODC_HUMAN	P00441	-68	0.9	0.3
amyloid	-50.9	108.7	102.5	1	amyloid	4.1	7.7	69.4	35.9			50	DIDLHL.pdb		-0.75	-1.92	21		21857114	DIDLHL	-4.8	-111.1	92.5	-13.7	N.A.	0	N.A.				P85A_HUMAN	P27986	-71.8	11.1	0
amyloid	-51.7	101.5	119.2	1	amyloid	3.6	3.1	68.7	37.9			50	DQIVYK.pdb	V623D	-2.48	-3.07	623			DQIVYK	-17	-90.5	89.6	-19.4	N.A.	0	yes	56_wt2_V1D_1mM_03_12000x copy.jpg		no	TAU_HUMAN	P10636	-64.7	1.1	0.4
amyloid	-58.2	98.3	110.7	1	amyloid	3.3	5.2	68.7	29.3	DSVISL.png	1677.22/1642.69	50	DSVISL.pdb		-2.52	-3.64	102	0		DSVISL	-11.6	-78.3	81.4	-11.6	N.A.	0	yes	DSVISL.png			SODC_HUMAN	P00441	-56.7	0.8	0
amyloid	-46	109.5	116.7	6	amyloid	3.6	4.2	59	27.5			50	DTVIIE.pdb		-3.12	-3.43	0		16537487	DTVIIE	-3.7	-79.7	75.1	-11.5	N.A.	0	N.A.				N.A.	N.A.	-53.7	0.2	69.6
amyloid	-49.9	101.7	121.5	2	amyloid	3.5	5.2	78	26.2			66.7	EGVLYV.pdb		-3.08	-2.91	35		20154676	EGVLYV	-1.4	-90.2	74.8	-8.1	N.A.	0	N.A.				SYUA_HUMAN	P37840	-59.8	2.5	293.9
amyloid	-51.8	109.8	116.3	1	amyloid	3.1	2.3	68.7	43.4			50	EQIVYK.pdb	V623E	-2.48	-3.07	623			EQIVYK	-13	-98.9	93	-20.9	N.A.	0	yes	31_wt2_V1E_1mM_01_12000x.jpg	VQIVYK_ 31.jpg	yes	TAU_HUMAN	P10636	-69.7	0.9	0.3
amyloid	-46.6	117.8	113.8	6	amyloid	2.6	2.9	59.3	28.1			50	ETVIIE.pdb		-3.63	-3.45	0		16537487	ETVIIE	-3.6	-79.9	76.5	-12.7	N.A.	0	N.A.				N.A.	N.A.	-54.1	0.2	56.1
amyloid	-51.1	92.3	93.5	2	amyloid	4.1	4.5	74.6	33.9			33.3	EYSNFS.pdb		-1.26	-0.48	91		20154676	EYSNFS	-19.4	-74	108.1	2.4	N.A.	0	N.A.				ACYP2_HUMAN	P14621	-63.9	2.5	19.2
amyloid	-44.4	112.3	116.5	7	amyloid	-1.7	-4.2	75.9	35.3			66.7	FAIRHF.pdb		-3.7	-4.13	0		15630094	FAIRHF	-4.2	-95	81.2	-13.1	N.A.	0	N.A.				N.A.	N.A.	-67.9	7	0
amyloid	-52.8	103.2	137.8	1	amyloid	1.8	8.2	75.4	26			83.3	FATVYV.pdb	L38F	-2.94	-4.91	38			FATVYV	-4.7	-101.4	95.1	-3	N.A.	7.8	yes	32_ApoAI_L1F_1mM_03_5000x.jpg	LATVYV_ 32.jpg	yes	APOA1_HUMAN	P02647	-72.1	17.3	0.4
amyloid	-46.7	98	94.3	7	amyloid	-0.4	-4.6	77.8	33.1			33.3	FESNFN.pdb		-0.44	-2.04	52		20154676	FESNFN	-12.5	-68	85.5	9	N.A.	0	N.A.				LYSC_CHICK	P00698	-58.7	2.1	100.8
amyloid	-38.9	101.3	147.8	6	amyloid	-1.1	1.1	62.6	29.9			83.3	FIVNIV.pdb		-3.68	-8.82			23815227	FIVNIV	-4.8	-88	74.1	-23.3	N.A.	19.5	N.A.				N.A.	N.A.	-61.7	1.5	597
amyloid	-42.3	99	112.5	6	amyloid	-1.1	1.1	64.3	31.3			50	FLVHSS.pdb		-4.47	-5.21	48		16537487	FLVHSS	-12.3	-77.6	68.4	-20	N.A.	0	N.A.				IAPP_HUMAN	P10997	-57.1	2.3	0
amyloid	-50.2	103.5	133.2	1	amyloid	4.3	9.4	71.1	47.4			66.7	FQIVYK.pdb	V623F	-2.78	-3.87	623			FQIVYK	-15.2	-110.1	85.2	-27.3	N.A.	26.2	yes	23_wt2_V1F_1mM_08_12000x.jpg	VQIVYK_ 23.jpg	yes	TAU_HUMAN	P10636	-76.5	4	2.1
amyloid	-30.1	94	100	7	amyloid	-0.7	1.4	66.2	25.7	FSINPA.png	1679.39/1647/1612	66.7	FSINPA.pdb		1.32	-0.68	316	0		FSINPA	-6.6	-63.8	71.4	16.1	N.A.	0	yes	FSINPA.png			TADBP_HUMAN	Q13148	-49.8	0.9	0
amyloid	-45.8	106.8	133.8	7	amyloid	-2	-6.4	69.5	39.7	FTFIQF.png	1680/1648	66.7	FTFIQF.pdb		-5.96	-5.57	126	58.89		FTFIQF	-7.9	-104.6	81.3	-42.5	N.A.	0.9	yes	FTFIQF.png			RO60_HUMAN	P10155	-72.9	4.5	0
amyloid	-38	111.5	130.7	6	amyloid	-1.1	0.4	57.5	28.3			66.7	FTVIIE.pdb		-5.54	-6.44	0		16537487	FTVIIE	-0.3	-92.9	69.7	-32	N.A.	90.5	N.A.				N.A.	N.A.	-62.5	3.8	237.4
amyloid	-51	103.7	148.5	1	amyloid	3.5	4.2	68.1	41.2			100	FVFYIF.pdb		-5.64	-7.08			23815227	FVFYIF	-3.8	-131.5	93	-48.2	N.A.	425.7	N.A.				N.A.	N.A.	-89.6	12.6	573.8
amyloid	-50.5	93.7	139.8	1	amyloid	3.5	4.1	75.6	48.2			100	FYLLYY.pdb		-5.35	-4.58	82		16537487	FYLLYY	-3.9	-136.8	91.9	-55	N.A.	122.8	N.A.				B2MG_HUMAN	P61769	-91.2	2.5	538.1
amyloid	-32.1	98.8	113.8	6	amyloid	-1.4	-2.3	60.9	17			66.7	GAIIGL.pdb		-0.79	-3.37	700		21949245	GAIIGL	0	-62.1	52.3	-7.1	N.A.	0	N.A.				A4_HUMAN	P05067	-41.4	0.9	0
amyloid	-52.2	97	99.7	8	amyloid	-1.6	-4.5	68.7	22.9			50	GAILSS.pdb		0.05	-1.56	24		23552370	GAILSS	-7.4	-64	68.6	-10.8	N.A.	0	N.A.				IAPP_HUMAN	P10997	-47.9	5.6	0
amyloid	-48.9	92.5	112	1	amyloid	3.2	4.7	63.9	20.5			50	GAITIG.pdb		-1.65	-1.01	0		19863125	GAITIG	-0.9	-73.2	55.6	-20.9	N.A.	0	N.A.				N.A.	N.A.	-48.2	1	5.8
amyloid	-51.7	93.8	127.3	1	amyloid	1.8	4.4	73.1	19.2			66.7	GATVYV.pdb	L38G	-2.47	-4.52	38			GATVYV	-2.6	-80.6	74.8	-7.9	N.A.	0	yes	53_ApoAI_L1G_1mM_10_15000x.jpg		no	APOA1_HUMAN	P02647	-56.2	8.3	0.8
amyloid	-52.7	95	112.7	1	amyloid	3.4	3.7	72.7	31			66.7	GDCFIL.pdb		-2.42	-3.69			23815227	GDCFIL	0	-93.6	82.6	-19.2	N.A.	0	N.A.				N.A.	N.A.	-66.1	0.5	143.8
amyloid	-53.6	90.7	109.2	1	amyloid	1.9	0.3	74	27.9	GDHCII.png	1679.91/1650.75	50	GDHCII.pdb		-3.94	-2.29	109	0		GDHCII	-4.5	-84.7	97.7	1.1	N.A.	0	yes	GDHCII.png			SODC_HUMAN	P00441	-63.4	2.8	0
amyloid	-49.3	104.8	111	4	amyloid	11.7	25.3	70.1	24.1			50	GDVIEV.pdb		-1.61	-3.36			22403391	GDVIEV	-8.1	-75.4	82.1	29	N.A.	0	N.A.				N.A.	N.A.	-53.3	1.1	4.8
amyloid	-49.3	119.8	96.3	1	amyloid	2.8	2.1	73	15.9			66.7	GELAVA.pdb		-0.21	-1.76			29964045	GELAVA	0	-71.7	65.4	-6.8	N.A.	0	N.A.				N.A.	N.A.	-48.8	3.6	0
amyloid	-38.9	94.8	94.8	5	amyloid	0.9	-3.7	70.8	23.9			33.3	GEWTYD.pdb		-0.23	3.36	267		20154676	GEWTYD	-6.6	-68.6	71.2	7.5	N.A.	0	N.A.				SPG1_STRSG	P06654	-53.5	10.2	353.7
amyloid	-50.1	102.7	113.5	6	amyloid	-1.9	-3.1	71.8	45.9	GFFQQQ.png	1678.97/1644.47	33.3	GFFQQQ.pdb		-1.37	1.23	234	78.97		GFFQQQ	-15.2	-86.8	80.2	-22.4	N.A.	0	yes	GFFQQQ.png			GAB1_HUMAN	Q13480	-66.6	1.5	0
amyloid	-48.4	63.7	79.7	8	amyloid	-2	-4.2	79.9	11.7	GGGNNS.png	1678.99/1656.99/1643.55	0	GGGNNS.pdb		3.53	3.61	34	0		GGGNNS	-9.3	-20.3	43.2	31	N.A.	0	yes	GGGNNS.png			CSGA_ECOLI	P28307	-22	2.2	0
amyloid	-52.4	85.7	118.2	1	amyloid	2	12	67.5	21			50	GGVLVN.pdb		-1.52	-4.74			21677644	GGVLVN	-10.4	-72	126.1	27.8	N.A.	0	N.A.				N.A.	N.A.	-54.9	10.1	0
amyloid	-46.4	96	122.2	4	amyloid	2.1	3.6	62.6	14.9			66.7	GGVVIA.pdb		-2.22	-3.41	708		17468747	GGVVIA	0	-70	57.2	-21.9	2ONV	0	N.A.				A4_HUMAN	P05067	-46.6	0.1	25.8
amyloid	-29.9	80.3	105.3	9	amyloid	-1.7	-5.1	72	21.1			50	GGYLLG.pdb	M129L	-0.48	-0.61	126		20685658	GGYLLG	-1.3	-68.2	91.1	31.5	N.A.	0	N.A.				PRIO_HUMAN	P04156	-47.7	1	0
amyloid	-28.7	84.3	101.2	7	amyloid	-2	-4.9	75.5	21.4			50	GGYMLG.pdb		-0.27	-0.03	126		20685658	GGYMLG	-3.6	-72.2	69.7	5	N.A.	0	N.A.				PRIO_HUMAN	P04156	-52.3	2	0
amyloid	-31.6	77.8	112	7	amyloid	-1.7	-3.8	66.2	18			50	GGYVLG.pdb	M129V	-1.14	-1.86	126		20685658	GGYVLG	0	-68	68	-0.6	N.A.	0	N.A.				PRIO_HUMAN	P04156	-48.8	0.8	0
amyloid	-47	94.5	116	7	amyloid	-2.1	-4.1	67.2	36.9			50	GIFNIK.pdb		-0.83	-4.81			23815227	GIFNIK	-14.4	-89.3	72.6	-28.7	N.A.	0	N.A.				N.A.	N.A.	-62.9	4.4	483.8
amyloid	-44.6	104.5	136.3	7	amyloid	-2.1	-4.2	56.5	22	GIVIVA.png	1680.09/1650.77/1632.91	83.3	GIVIVA.pdb		-4.07	-6.99	324	5.65		GIVIVA	0	-78.9	59.8	-38.9	N.A.	7.1	yes	GIVIVA.png			ALS1_CANAL	Q5A8T4	-52.2	1.7	0.1
amyloid	-44.3	82.8	116.3	7	amyloid	-2.1	-4.7	70.5	31.6			66.7	GLCYFN.pdb		-2.32	-2.15			23815227	GLCYFN	-4	-85.1	74.5	-23.5	N.A.	0	N.A.				N.A.	N.A.	-62	1.4	536.1
amyloid	-49.8	101.8	116.2	1	amyloid	3.5	5.3	67.7	38.6	GLFINM.png	1679.33	66.7	GLFINM.pdb		-2.15	-3.87	285	17.94		GLFINM	-7.5	-109.2	67.7	-51.3	N.A.	0	yes	GLFINM.png			RPIA_HUMAN	P49247	-69.3	0.9	0.1
amyloid	-50.4	97	124.7	1	amyloid	2.3	6.3	71.3	30.6			66.7	GLSIFV.pdb		-2.11	-4.96			23815227	GLSIFV	0	-104.6	70.2	-33.6	N.A.	0	N.A.				N.A.	N.A.	-66	4.2	488.8
amyloid	-49.4	111.7	99.2	6	amyloid	-1.9	-3.2	81.2	35.5	GMMGML.png	1679.19/1641.71	66.7	GMMGML.pdb		-1.2	0.98	335	0		GMMGML	0	-91.1	64.1	-25	N.A.	0	yes	GMMGML.png			TADBP_HUMAN	Q13148	-61.4	0.4	0
amyloid	-53.5	89.3	118.5	1	amyloid	3	5.5	73.2	34.1			66.7	GNCFIL.pdb		-2.42	-3.69			23815227	GNCFIL	-7.5	-94.3	78.5	-23	N.A.	0	N.A.				N.A.	N.A.	-66	3	13.8
amyloid	-49.9	82	101.7	1	amyloid	3.1	5.6	74.6	32.6	GNFNNL.png	1680/1646/1618	33.3	GNFNNL.pdb		1.52	-2.11	757	38.59		GNFNNL	-35.7	-77.8	91.9	-8.7	N.A.	0	yes	GNFNNL.png			PCD15_HUMAN	Q96QU1	-63.9	5.4	0
amyloid	-50.7	75	110.2	1	amyloid	3.4	7.4	67.1	22.7			33.3	GNTCVN.pdb		-1.65	-2.13			23815227	GNTCVN	-13.8	-51.7	68	5.8	N.A.	0	N.A.				N.A.	N.A.	-42.6	1.5	0
amyloid	-50.3	103.3	111.7	1	amyloid	0.7	2.5	71.7	14.1			66.7	GNVAVA.pdb		-1.11	-3.49			29964045	GNVAVA	-7.3	-61.1	65.4	-5.6	N.A.	0	N.A.				N.A.	N.A.	-43.3	0.1	0
amyloid	-53.1	79.2	117	1	amyloid	1.7	5	67.9	28.1			50	GNVCIN.pdb		-3.09	-4.03			23815227	GNVCIN	-15.4	-80	81.4	-19.5	N.A.	0	N.A.				N.A.	N.A.	-58.6	0.3	6.5
amyloid	-39	101.5	99.2	5	amyloid	-1.1	-1.3	65.9	11.5			50	GSIAAT.pdb		0.04	-1.05			17468747	GSIAAT	-2.8	-35.6	38	8.9	N.A.	0	N.A.				N.A.	N.A.	-26.9	0.1	0
amyloid	-44.2	90.2	119.8	7	amyloid	-2.1	-3.7	66.4	28.9			50	GTFFIN.pdb		-3.29	-3.97	152		20154676	GTFFIN	-2.5	-84.2	72.2	-24.7	N.A.	0	N.A.				HEXA_HUMAN	P06865	-61.1	2.4	558.8
amyloid	-53.2	92.8	124.8	1	amyloid	2.9	8	65.8	29.7			50	GTFFIT.pdb		-5.23	-3.5	178		20154676	GTFFIT	-15.1	-91.9	80	-28.8	N.A.	0	N.A.				BBS5_HUMAN	Q6PKN0	-66.4	4.8	329
amyloid	-53.5	89.3	123.5	1	amyloid	3.1	7.1	69.4	30.4			50	GTFNII.pdb		-3.18	-4.67	1605		20154676	GTFNII	-17.2	-84	88.5	-11.7	N.A.	0	N.A.				PKD1_HUMAN	P98161	-63	4.6	312.8
amyloid	-43.7	89.8	112.3	7	amyloid	-2.1	-4.5	67.1	26.1			50	GTLFWG.pdb		-0.97	-2.63			25133634	GTLFWG	-7.8	-85	70.7	-23.6	N.A.	0	N.A.				N.A.	N.A.	-61.3	10.3	0.2
amyloid	-51.1	104.2	122.8	1	amyloid	2.5	5.5	66.7	28.8			66.7	GTLVFM.pdb		-2.41	-3.91			23815227	GTLVFM	0	-99.4	70.3	-40.5	N.A.	0	N.A.				N.A.	N.A.	-66.4	2.2	2.1
amyloid	-43.8	102.2	120.2	7	amyloid	-1.8	-3.9	59.1	24.6			50	GTVIIE.pdb		-3.58	-3.56	0		16537487	GTVIIE	-0.5	-76.2	68	-25.5	N.A.	0	N.A.				N.A.	N.A.	-53.4	0.5	370.6
amyloid	-46.2	104.2	122.8	1	amyloid	3.3	6.1	66	33.4			66.7	GTVLFM.pdb		-4.29	-3.45	391		20154676	GTVLFM	-6.3	-108.1	80.4	-36.6	N.A.	0	N.A.				PAI1_HUMAN	P05121	-72.4	4.8	503
amyloid	-50.5	86.5	118.8	1	amyloid	3.3	6.6	68	24.5			50	GTVWWG.pdb		-1.46	-3.89			25133634	GTVWWG	-3.8	-88.5	75.7	-15.6	N.A.	0	N.A.				N.A.	N.A.	-64.9	6.6	50.1
amyloid	-50.3	106	116.7	1	amyloid	3	4.6	67	8.8			66.7	GVATVA.pdb		-1.86	-3.59			17468747	GVATVA	-0.9	-49.8	56.5	2.3	N.A.	0	N.A.				N.A.	N.A.	-37.5	0.1	0
amyloid	-49.2	96.3	120.5	1	amyloid	1.6	5.1	70.5	17.4	GVIGIA.png	1678/1643.94	66.7	GVIGIA.pdb		-2.02	-3.36	148	91.48		GVIGIA	0	-78.1	65.1	-17.3	N.A.	0	yes	GVIGIA.png			SODC_HUMAN	P00441	-52.2	0.3	0
amyloid	-44.8	104.8	130.8	7	amyloid	-2.1	-4.2	64.1	26.1	GVIWIA.png	1679.87/1641.56	83.3	GVIWIA.pdb	G151W	-3.25	-5.58	0	69.97		GVIWIA	0	-89.8	66.8	-36.9	N.A.	2.3	yes	GVIWIA.png			SODC_HUMAN	P00441	-60.5	4.3	553
amyloid	-54.4	88.8	124.8	1	amyloid	2.5	6.7	71.2	29.7			66.7	GVNYFL.pdb		-2.68	-4.02	85		20154676	GVNYFL	-12.2	-91.6	93.3	-20.1	N.A.	0	N.A.				CYTC_HUMAN	P01034	-69.7	3.4	309.4
amyloid	-42.1	89.7	109	6	amyloid	-1.6	-2.9	64.6	16.5			33.3	GVQVGD.pdb		-1.23	-1.24	457		22817896	GVQVGD	-5.9	-36	46.1	9.4	N.A.	0	N.A.				RIPK3_HUMAN	Q9Y572	-29.9	0.1	0
amyloid	-45.1	96.7	107.7	4	amyloid	5.1	5.2	62.5	17.1			33.3	GVVTSE.pdb		-1.12	-3.42			29476011	GVVTSE	-4.3	-56.6	71.9	16.1	N.A.	0	N.A.				N.A.	N.A.	-44.3	3.9	0
amyloid	-52.2	100.8	132.5	1	amyloid	3.2	-4.1	75.1	34			83.3	GVWWFF.pdb		-4.21	-5.59			23815227	GVWWFF	0	-115	85.8	-26.9	N.A.	10.6	N.A.				N.A.	N.A.	-80.1	23.6	599.3
amyloid	-50	89.7	128.2	1	amyloid	3.3	8.2	71.4	33			83.3	GYCFIL.pdb		-3.16	-4.12			23815227	GYCFIL	0	-97.1	69.5	-24.9	N.A.	0	N.A.				N.A.	N.A.	-66.8	2.4	299.5
amyloid	-50.1	96.5	126.7	6	amyloid	-1.9	-3	71.7	37.8	GYFILQ.png	1678.94/1643/1626	66.7	GYFILQ.pdb		-3.19	-2.69	244	354.25		GYFILQ	-1.3	-104.6	77.1	-32.8	N.A.	0	yes	GYFILQ.png			GBRB1_HUMAN	P18505	-71.4	9.3	15.6
amyloid	-49.5	90	119.5	1	amyloid	3.5	1.9	70.1	36.9	GYFLNF.png	1680.25/1643.98/1625.38	66.7	GYFLNF.pdb		-2.59	-3.27	59	190.68		GYFLNF	-13.9	-103	78	-40	N.A.	0	yes	GYFLNF.png			ROR2_HUMAN	Q01974	-71.5	5.8	0.1
amyloid	-49.7	95.3	114	1	amyloid	3.5	5.9	69.9	38.4	GYFLNM.png	1678.7/1647/1627.75	66.7	GYFLNM.pdb		-1.93	-2.07	129	584.46		GYFLNM	-10.1	-107.1	76.9	-42.9	N.A.	0	yes	GYFLNM.png			GPR20_HUMAN	Q99678	-73.4	1.5	0.1
amyloid	-50	87.7	101.2	9	amyloid	-1.9	-4.1	74.6	28.6			50	GYMLGS.pdb		-1.12	1.27	127		20685658	GYMLGS	-6.9	-76	63.6	-24	3NHC	0	N.A.				PRIO_HUMAN	P04156	-54.6	1.4	0
amyloid	-49.2	93.7	131	1	amyloid	1.2	4.7	67.5	33			66.7	GYVIIK.pdb		-4	-6.38	213		23552370	GYVIIK	0	-112.3	83.8	-43.4	N.A.	19.9	N.A.				SAMP_HUMAN	P02743	-73.6	0.5	527.8
amyloid	-49.5	81.2	112	8	amyloid	-1.6	-4.1	71.7	23.2			50	GYVLGS.pdb	M129V	-1.87	-0.68	0		20685658	GYVLGS	-5.3	-72.3	67.1	-21.2	3NHD	0	N.A.				N.A.	N.A.	-52.2	1.4	0
amyloid	-52.5	101	129.3	1	amyloid	1.8	4.6	73.8	24.4			66.7	HATVYV.pdb	L38H	-2.47	-4.52	38			HATVYV	-6	-88.7	94.9	-2	N.A.	0	yes	73_ApoAI_L1H_1mM_06_10000x.jpg	LATVYV_ 71.jpg	yes	APOA1_HUMAN	P02647	-65.3	8.4	0.3
amyloid	-47.2	112.8	129.2	7	amyloid	-3.7	-7.9	70.6	32.7			83.3	HFVWIA.pdb		-4.74	-7.02	199		20154676	HFVWIA	-2	-104.3	85.7	-26.1	N.A.	0.8	N.A.				CFTR_HUMAN	P13569	-72.7	11.7	599.8
amyloid	-47.1	93.2	101.5	7	amyloid	-2.1	-4.4	78.3	33.7	HGFNQQ.png	1676.56/1640.53	16.7	HGFNQQ.pdb		-0.08	0.69	153	0.39		HGFNQQ	-17.2	-61.8	81.4	8.7	N.A.	0	yes	HGFNQQ.png			FACE1_HUMAN	O75844	-54.1	0.7	0
amyloid	-52.6	106.5	115.7	1	amyloid	2.3	6	85	38.4			66.7	HGWLIM.pdb		-3.06	-3.6	169		20154676	HGWLIM	-3.1	-108.8	80.3	-18.8	N.A.	0	N.A.				PSN2_HUMAN	P49810	-73.5	2.9	479
amyloid	-54.8	95.2	121.8	1	amyloid	3.4	1.8	75.9	43.5			66.7	HICNFF.pdb		-2.32	-3.8			23815227	HICNFF	-13.7	-102.5	103	-15.3	N.A.	0	N.A.				N.A.	N.A.	-79.3	5.5	322.5
amyloid	-54.2	105.5	127.3	1	amyloid	3.5	5.1	70.8	40.6	HIFLLC.png	1680.34/1647.7/1635.46	83.3	HIFLLC.pdb		-6.91	-6.48	322	465.58		HIFLLC	-4.2	-112.6	80.1	-41.6	N.A.	0	yes	HIFLLC.png			MLL3_HUMAN	Q8NEZ4	-75.2	2.6	4.2
amyloid	-54.4	100.8	115.5	1	amyloid	2.9	6.3	73.9	39	HLFNLT.png	1679.16/1633.12	50	HLFNLT.pdb		-3.26	-4.41	150	716.24		HLFNLT	-14.6	-101.6	91	-23.1	N.A.	0	yes	HLFNLT.png			FUT9_HUMAN	Q9Y231	-73.3	4.4	1.5
amyloid	-55.5	108.2	133.2	1	amyloid	2.5	4.9	68.1	41.4			83.3	HLVYIM.pdb		-5.51	-6.79	231		20154676	HLVYIM	-3.8	-128.3	96.8	-39.2	N.A.	0.8	N.A.				TA2R5_HUMAN	Q9NYW4	-86.8	16.4	596.6
amyloid	-52.5	96.5	107.2	1	amyloid	3.3	6.8	76.6	40.2		1679.1	33.3	HQFNLN.pdb		-0.57	-2.97	67	0		HQFNLN	-22.4	-85.6	88.7	-8.2	N.A.	0	yes	HQFNLN.png			DLX3_HUMAN	O60479	-66.2	1.9	45.4
amyloid	-54	115.5	125.3	6	amyloid	-2.8	-4.6	69.5	49.3			66.7	HQLIIM.pdb		-4.13	-5.43	2936		20154676	HQLIIM	-3.8	-111.3	84.2	-40.9	N.A.	0	N.A.				TITIN_HUMAN	Q4U1Z6	-72.5	1.6	568.2
amyloid	-44.4	83.5	92.2	4	amyloid	2.4	2	69	32.7			16.7	HSSNNF.pdb		-0.7	-2.7	0		19684598	HSSNNF	-33.5	-63.2	99	5.1	3FPO	0	N.A.				N.A.	N.A.	-60.6	0.9	0
amyloid	-53.3	100.8	115.5	1	amyloid	3.1	6.6	72.3	34.3	HTFNLL.png	1678.91/1640.04	50	HTFNLL.pdb		-3.26	-4.41	1427	64.74		HTFNLL	-22.9	-92.6	97.6	-20.7	N.A.	0	yes	HTFNLL.png			OTOF_HUMAN	Q9HC10	-71	3.8	0.2
amyloid	-58.7	109.3	122.2	1	amyloid	2.7	-17.4	67.3	43.3			50	HTVIIE.pdb		-4.96	-5.7	0		16537487	HTVIIE	-7.6	-100.3	199.2	-26.4	N.A.	0	N.A.				N.A.	N.A.	-75.9	14.2	243.7
amyloid	-53.9	95	126.5	1	amyloid	3.5	2.3	72.1	42.6			66.7	HYFNIF.pdb		-4.62	-6.61	1236		20154676	HYFNIF	-22.5	-110.5	109.2	-29.4	N.A.	0	N.A.				BLM_HUMAN	P54132	-85.2	10.2	593.2
amyloid	-52	102.3	141.5	1	amyloid	1.8	4.7	74.5	23.2			83.3	IATVYV.pdb	L38I	-3.06	-6	38			IATVYV	-2.5	-92.1	90.6	-6.6	N.A.	11.1	yes	12_ApoAI_L1I_1mM_05_8000x.jpg	LATVYV_ 12.jpg	yes	APOA1_HUMAN	P02647	-64.5	8.3	0.3
amyloid	-51	121.8	128.3	1	amyloid	4.4	5.5	76.6	40.2			83.3	IEMIFV.pdb		-5.16	-6.84	0		20154676	IEMIFV	0	-118.7	83.2	-32.6	N.A.	0	N.A.				N.A.	N.A.	-77.3	3.2	6.8
amyloid	-54.9	109	126.7	1	amyloid	3.8	6.7	73.2	42.2			66.7	IFDFIQ.pdb		-3.71	-4.86	0		20154676	IFDFIQ	-6.4	-111.6	96.7	-23.3	N.A.	0	N.A.				N.A.	N.A.	-77.1	2.1	1.1
amyloid	-56.3	97.3	122	1	amyloid	4	6	71	45.3			50	IFQINS.pdb		-2.12	-3.4	74		17468747	IFQINS	-23.4	-94.9	84	-23.9	N.A.	0	N.A.				LYSC_HUMAN	P61626	-67.6	4	0
amyloid	-56.9	93.8	115.8	1	amyloid	4	5.7	77.5	33.4			50	IIHFGS.pdb		-4.03	-5.07	138		21323366	IIHFGS	-9	-84.7	74.6	-12.7	3NVF	0	N.A.				PRIO_HUMAN	P04156	-60.1	0.7	0
amyloid	-53.6	97.8	137.7	1	amyloid	4	6	70.1	38.9			66.7	IINFIT.pdb		-5.03	-8.25	0		14691246	IINFIT	-15	-102.5	92	-28	N.A.	2.5	N.A.				N.A.	N.A.	-71.6	0.7	183.9
amyloid	-51.5	98.7	120.7	1	amyloid	3.5	4.7	67.8	43.4			50	ILQINS.pdb		-1.14	-3.27			23815227	ILQINS	-24.2	-89.5	75.2	-30.7	N.A.	0	N.A.				N.A.	N.A.	-61.1	0.4	0
amyloid	-38.2	105.8	112	6	amyloid	-1.2	-2.1	71.7	19			66.7	ILVAGD.pdb		-0.91	-2.03	0		21205900	ILVAGD	0	-69.2	60.7	4.7	N.A.	0	N.A.				N.A.	N.A.	-46.9	9.3	0
amyloid	-47.5	101.8	115.5	1	amyloid	2.5	6	73.4	19.6			66.7	ILVAGS.pdb		-2.26	-3.45	0		21205900	ILVAGS	-1.8	-75.9	70.3	-4.5	N.A.	0	N.A.				N.A.	N.A.	-52.7	0.1	0
amyloid	-55.2	114.7	138.7	1	amyloid	2.5	7.4	74	47.4			83.3	IQIMIW.pdb		-3.11	-5.56			25133634	IQIMIW	-2.3	-132.5	93.4	-43.2	N.A.	1.2	N.A.				N.A.	N.A.	-85.4	3.5	0.4
amyloid	-51.7	102.7	136.8	1	amyloid	3.3	5.2	69.1	40.7			66.7	IQIVYK.pdb	V623I	-2.67	-4.95	623			IQIVYK	-3.3	-111.6	78	-38.9	N.A.	1.1	yes	28_wt2_V1I_1mM_04_20000x.jpg	VQIVYK_ 28.jpg	yes	TAU_HUMAN	P10636	-71.4	0.9	1.6
amyloid	-47.5	106.7	133.5	2	amyloid	4.9	1.6	70.9	39.8			83.3	ISFLIF.pdb		-5.81	-8.19	244		20154676	ISFLIF	-0.1	-125.7	95	-36.6	N.A.	56.5	N.A.				PRIO_HUMAN	P04156	-82.8	4.4	299.5
amyloid	-50.5	98.3	126.5	1	amyloid	4	5.9	72.7	35.6			66.7	ITLFWG.pdb		-1.56	-4.6			25133634	ITLFWG	-2.9	-105.2	70.5	-31	N.A.	2.5	N.A.				N.A.	N.A.	-69.3	2.9	0.1
amyloid	-54.4	110.7	134.3	1	amyloid	6.6	11.4	64.3	31.1			66.7	ITVIIE.pdb		-5.43	-7.14	0		16537487	ITVIIE	-1	-106	86.4	-27.2	N.A.	4.4	N.A.				N.A.	N.A.	-68.5	0.3	212.7
amyloid	-50.1	103.3	124	1	amyloid	3.7	1.8	68.2	22.3	IVATTR.png	1678.73/1646.17	50	IVATTR.pdb		-3.81	-2.42	327	0		IVATTR	-1.8	-65.2	74	6.6	N.A.	0	yes	IVATTR.png			ALS1_CANAL	Q5A8T4	-48.7	0.3	0
amyloid	-40.4	96.8	118	5	amyloid	-1.5	-3.2	65.6	28	IVYSCE.png	1680.25/1641.93	66.7	IVYSCE.pdb		-5.79	-3.29	198	0		IVYSCE	-7.6	-68.5	69.2	0.3	N.A.	0	yes	IVYSCE.png			AGAL_HUMAN	P06280	-53.9	10.5	0
amyloid	-51.2	103.2	121	1	amyloid	3.7	-10.9	79.4	44.1	IVYSWE.png	1678.48/1638.39	66.7	IVYSWE.pdb	C202W	-3.8	-3.99	0	0		IVYSWE	-4.2	-94.9	184.7	-5.4	N.A.	0	yes	IVYSWE.png			AGAL_HUMAN	P06280	-73.2	12	0
amyloid	-50.5	78.5	119	1	amyloid	4	6.3	79.6	31.5			50	IYQYGG.pdb		-1.38	-1.41	47			IYQYGG	-2.8	-84.5	64.9	-8.3	N.A.	0	no				CSGA_ECOLI	P28307	-59.4	1.1	0
amyloid	-50.5	78.5	119	1	amyloid	4	6.3	79.6	31.5			50	IYQYGG.pdb		-1.38	-1.41	47			IYQYGG	-2.8	-84.5	64.9	-8.3	N.A.	0	N.A.				CSGA_ECOLI	P28307	-59.4	1.1	0
amyloid	-42.6	114	85.5	7	amyloid	-6.8	-12.9	81.6	30.6			33.3	KAKEGV.pdb		0.59	3.29			23815227	KAKEGV	-3.7	-54.1	73.3	25.2	N.A.	0	N.A.				N.A.	N.A.	-41	0.4	0
amyloid	-52.9	103.3	127.2	1	amyloid	2.8	5.2	74.8	26.8			66.7	KATVYV.pdb	L38K	-2.47	-4.52	38			KATVYV	-9.3	-90.7	91.2	-6.8	N.A.	0	yes	27_ApoAI_L1K_1mM_06_15000x.jpg		no	APOA1_HUMAN	P02647	-64.6	8.5	0.1
amyloid	-53.5	93.7	114.8	1	amyloid	4.6	8.9	76.1	42.2			66.7	KCLNYL.pdb		-0.91	-2			23815227	KCLNYL	-10.3	-108.1	98	-16.2	N.A.	0	N.A.				N.A.	N.A.	-77.2	2.3	86.9
amyloid	-39.7	93	117.7	5	amyloid	-2.6	-4.1	74.7	37.2			66.7	KCWCFT.pdb		-3.75	-2.01			23815227	KCWCFT	-3.6	-89.8	88.8	-7.9	N.A.	0	N.A.				N.A.	N.A.	-68.3	5.9	0.6
amyloid	-50.4	97	104.2	1	amyloid	8.4	7	77.8	37.8			50	KDWSFY.pdb		-1.89	-0.02	78		16537487	KDWSFY	-20.1	-98.7	110	0.2	N.A.	0	N.A.				B2MG_HUMAN	P61769	-79	6.5	28.2
amyloid	-59.7	113	122.3	1	amyloid	-0.4	-3.4	69.4	42.3			66.7	KHIIVA.pdb		-3.94	-5.88	130		20133726	KHIIVA	-8.3	-109.2	106.6	-33.1	N.A.	0	N.A.				RNAS1_BOVIN	P61823	-74.5	0.7	0
amyloid	-36.5	108.5	111.5	6	amyloid	-3	-6.5	66.8	44.5			50	KIVKWD.pdb		-1.85	-1.66	111		16537487	KIVKWD	-7.5	-99.6	87.9	-15.4	N.A.	0	N.A.				B2MG_HUMAN	P61769	-68.4	4.6	0.8
amyloid	-50.9	112.5	128.7	1	amyloid	4.8	6.8	67.1	46.1			66.7	KLFIIQ.pdb		-3.95	-4.87	156		20154676	KLFIIQ	-6.6	-121.2	78.5	-48.5	N.A.	0	N.A.				CASP3_HUMAN	P42574	-77.3	3.4	556.7
amyloid	-50.1	113.3	125	1	amyloid	4.8	3.7	70.8	43.1	KLFIQF.png	1677.65/1650.87/1629	66.7	KLFIQF.pdb		-4.06	-4.17	955	16.11		KLFIQF	-2	-123.8	75.6	-52.8	N.A.	0	yes	KLFIQF.png			PCSK6_HUMAN	P29122	-78.7	3.3	0.1
amyloid	-45.3	114	113	7	amyloid	-5.2	-10.3	69	53.1			66.7	KLLIYE.pdb		-2.57	-1.99	45		20154676	KLLIYE	-12	-117.6	91.5	-45.3	N.A.	0	N.A.				KV115_HUMAN	P01607	-77.1	1.8	204.1
amyloid	-45.5	118.2	122.2	7	amyloid	-3.1	-5.2	69.3	33.1			83.3	KLVFFA.pdb		-3.98	-4.72	687		2194924521695112	KLVFFA	0	-108.2	78.5	-49.7	3OW92Y292Y2A3OVJ3JQL	0	N.A.				A4_HUMAN	P05067	-72.8	2.4	506
amyloid	-41.1	113.7	65.8	6	amyloid	-1.4	-3.7	73.8	34.3			16.7	KNEEGA.pdb		1.05	5.16			23815227	KNEEGA	-28.1	-39.6	69.9	29.9	N.A.	0	N.A.				N.A.	N.A.	-36.3	1.2	0
amyloid	-58.9	82.8	104.3	1	amyloid	4.5	9.6	74.5	41.1			33.3	KNFNYN.pdb		0.55	-1.89	102		14691246	KNFNYN	-35.6	-85.3	101.5	-8.2	N.A.	0	N.A.				ERF3_YEAST	P05453	-70.7	2.3	491
amyloid	-57.2	101	123.2	1	amyloid	-0.3	-2	78.3	41.3	KQIGII.png	1678.24/1648/1637	50	KQIGII.pdb		-2.64	-3.19	306	49.97		KQIGII	-6.5	-105.9	100.8	-16	N.A.	0	yes	KQIGII.png			FUS_HUMAN	P35637	-69.6	2.2	0
amyloid	-45.8	103.7	122.5	7	amyloid	-2.5	-5.2	67.2	45.8			50	KQIVYK.pdb	V623K	-2.48	-3.07	623			KQIVYK	-10.4	-98.3	89.1	-23.9	N.A.	0	yes	35_wt2_V1K_1mM_06_12000x.jpg	VQIVYK_ 35.jpg	yes	TAU_HUMAN	P10636	-70.5	3.6	0.8
amyloid	-45.7	104.2	91.5	7	amyloid	-6.6	-12.9	75.4	31.2			16.7	KTKEGV.pdb		-0.71	2.36			23815227	KTKEGV	-5.4	-55	76.6	16.1	N.A.	0	N.A.				N.A.	N.A.	-42.6	0.5	0
amyloid	-43.5	113.2	97.3	7	amyloid	-5.8	-9.1	71.1	46.3			16.7	KTKEQV.pdb		-0.89	2.11			23815227	KTKEQV	-23.7	-68.6	93.5	6.7	N.A.	0	N.A.				N.A.	N.A.	-55.2	0.5	0
amyloid	-45.6	97.5	103.7	7	amyloid	-2.8	-4.9	73.5	34.2			16.7	KTKQGV.pdb		0.22	2.02			23815227	KTKQGV	-12.8	-54.9	73.8	18	N.A.	0	N.A.				N.A.	N.A.	-43.3	0.3	0
amyloid	-40.4	108.8	93	6	amyloid	-3.1	-6	64.9	28.3			33.3	KTVEGA.pdb		-1.15	1.87			23815227	KTVEGA	-19.1	-46.9	63.3	3.9	N.A.	0	N.A.				N.A.	N.A.	-37.6	0.1	0
amyloid	-60.1	111.7	120	1	amyloid	2.3	0.6	66.1	40.5			50	KTVIIE.pdb		-4.12	-3.94	0		16537487	KTVIIE	-6.1	-106.5	100.6	-29.9	N.A.	0	N.A.				N.A.	N.A.	-71.2	0.8	137.7
amyloid	-53.2	102.3	127.2	1	amyloid	4.6	7.2	65.6	51.6			50	KVQIIN.pdb		-2.58	-4.99	591		20154676	KVQIIN	-22.9	-109.8	100.6	-30.3	N.A.	0	N.A.				TAU_HUMAN	P10636	-77.6	2.6	493
amyloid	-51.9	114.3	130.5	1	amyloid	1.8	4.6	80.9	19.8			100	LAAVYV.pdb	T40A	-2.28	-4.2	38			LAAVYV	0	-92.6	85.7	-5.5		5.8	yes	50_ApoAI_T3A_1mM_05_10000x.jpg	LATVYV_ 49.jpg	yes	APOA1_HUMAN	P02647	-63.3	8.4	17
amyloid	-52.7	102.3	136.5	1	amyloid	1.8	4.6	80.3	26.2			100	LACVYV.pdb	T40C	-3.17	-4.77	38			LACVYV	0	-98.6	87.6	-9.5	N.A.	0.2	yes				APOA1_HUMAN	P02647	-68.1	8.4	5.5
amyloid	-53.1	109.5	139.7	1	amyloid	1.8	4.9	78.1	30.1			100	LAFVYV.pdb	T40F	-3.66	-5.59	38			LAFVYV	0	-116.2	90.3	-30.6	N.A.	81.1	yes	34_ApoAI_T3F_1mM_04_5000x.jpg	LATVYV_ 34.jpg	yes	APOA1_HUMAN	P02647	-77.2	9.7	458.3
amyloid	-50.3	100.2	129.2	1	amyloid	3.4	7.4	84.6	19.5			83.3	LAGVYV.pdb	T40G	-1.54	-3.36	38			LAGVYV	0	-77.9	70.9	5.5	N.A.	0	yes	55_ApoAI_T3G_1mM_06_10000x.jpg	LATVYV_ 54.jpg	yes	APOA1_HUMAN	P02647	-53.1	0.1	4.4
amyloid	-52.8	107.3	131.2	1	amyloid	1.8	4.4	78.5	29.5			83.3	LAHVYV.pdb	T40H	-2.1	-4.62	38			LAHVYV	-6.7	-103.2	98.3	-10.4	N.A.	0.7	yes	75_ApoAI_T3H_1mM_08_12000x.jpg	LATVYV_ 73.jpg	yes	APOA1_HUMAN	P02647	-72.9	10.8	0.7
amyloid	-53.1	108.7	143.3	1	amyloid	1.8	4.6	76.7	30.2			100	LAIVYV.pdb	T40I	-3.91	-6.67	38			LAIVYV	0	-115.1	89.4	-30.1	N.A.	73.2	yes	14_ApoAI_T3I_1mM_04_15000x.jpg	LATVYV_ 14.jpg	yes	APOA1_HUMAN	P02647	-74.7	8.6	49.2
amyloid	-51.7	110.8	138.3	1	amyloid	3.4	7.5	75.2	30.2			100	LALVYV.pdb	T40L	-3.1	-5.46	38			LALVYV	0	-104.6	78.8	-27.4	N.A.	39	yes	9_ApoAI_T3L_1mM_04_5000x.jpg	LATVYV_ 9.jpg	yes	APOA1_HUMAN	P02647	-67.7	0.5	77.6
amyloid	-51.9	114.8	134.2	1	amyloid	3.4	7.5	78.4	33.3			100	LAMVYV.pdb	T40M	-2.94	-4.88	38			LAMVYV	0	-107.2	78.7	-26.3	N.A.	8.4	yes	70_ApoAI_T3M_1mM_02_4000x.jpg	LATVYV_ 68.jpg	yes	APOA1_HUMAN	P02647	-70.1	0.2	1.8
amyloid	-50.7	111.7	123.3	1	amyloid	2.3	6.4	76.2	27.3			83.3	LANFLV.pdb		-2.42	-5.59	0		12648568	LANFLV	-7.7	-93.8	80.3	-17	N.A.	0	N.A.				N.A.	N.A.	-65.2	6.9	0.2
amyloid	-50	101.8	131.5	1	amyloid	3.5	7.3	74.8	27.8			83.3	LANVYV.pdb	T40N	-0.84	-4.68	38			LANVYV	-11.4	-89.4	86.5	-12.8	N.A.	0	yes	80_ApoAI_T3N_1mM_04_5000x.jpg	LATVYV_ 78.jpg	yes	APOA1_HUMAN	P02647	-64.4	1.6	47.6
amyloid	-51.4	109.2	135	1	amyloid	3.4	7.5	76.2	34.6			83.3	LAQVYV.pdb	T40Q	-1.72	-3.26	38			LAQVYV	-10.7	-93.6	82.6	-14.9	N.A.	0	yes	85_ApoAI_T3Q_1mM_07_8000x.jpg	LATVYV_ 83.jpg	yes	APOA1_HUMAN	P02647	-64.8	0.1	107.6
amyloid	-51.6	103.5	129.2	1	amyloid	1.8	4.6	77.7	24.4			83.3	LASVYV.pdb	T40S	-1.8	-4.03	38			LASVYV	-4.7	-90.4	90.1	-2.3	N.A.	0.9	yes	65_ApoAI_T3S_1mM_10_10000x.jpg	LATVYV_ 63.jpg	yes	APOA1_HUMAN	P02647	-64.3	8.4	37.3
amyloid	-49.1	98.5	128	1	amyloid	2.9	6.1	78.9	28.9			83.3	LATCYV.pdb	V41C	-2.35	-2.85	38			LATCYV	-3.6	-89.5	88.9	1.4	N.A.	0	yes				APOA1_HUMAN	P02647	-65.2	1.4	0
amyloid	-50.4	105.7	131.2	1	amyloid	2.3	6.4	74.5	26.5			83.3	LATFYV.pdb	V41F	-2.38	-3.66	38			LATFYV	-3.5	-94.3	81.8	-13.3	N.A.	4.4	yes	35_ApoAI_V4F_1mM_03_6000x.jpg	LATVYV_ 35.jpg	yes	APOA1_HUMAN	P02647	-66.3	7.1	17.3
amyloid	-52.1	104.8	134.8	1	amyloid	3.4	7.4	75	30.6			83.3	LATIYV.pdb	V41I	-2.27	-4.75	38			LATIYV	-1.9	-101.7	86.6	-15.6	N.A.	3.9	yes	15_ApoAI_V4I_1mM_04_12000x.jpg	LATVYV_ 15.jpg	yes	APOA1_HUMAN	P02647	-68.3	0.8	61.3
amyloid	-53.3	107	129.8	1	amyloid	1.8	4.6	77.2	30.6			83.3	LATLYV.pdb	V41L	-1.59	-3.53	38			LATLYV	-3.5	-107.3	94.5	-20	N.A.	2	yes	10_ApoAI_v4L_1mM_07_6000x.jpg	LATVYV_ 10.jpg	yes	APOA1_HUMAN	P02647	-72.6	6.6	33.8
amyloid	-49.7	111	125.7	1	amyloid	2.3	6.1	76.6	30.5			83.3	LATMYV.pdb	V41M	-1.33	-2.95	38			LATMYV	-2.6	-93.3	77.6	-14.2	N.A.	0	yes	71_ApoAI_V4M_1mM_01_4000x.jpg	LATVYV_ 69.jpg	yes	APOA1_HUMAN	P02647	-64.3	1.5	0.1
amyloid	-50.6	116.7	125.8	2	amyloid	4.7	7.9	74.7	18.2			83.3	LATVAV.pdb	Y42A	-1.3	-3.84	38			LATVAV	-1.8	-82.3	85.1	5.1	N.A.	1	yes	96_ApoAI_Y5A_1mM_07_5000x.jpg	LATVYV_ 93.jpg	yes	APOA1_HUMAN	P02647	-57.2	0.4	0
amyloid	-51.5	104.7	131.8	1	amyloid	1.8	4.4	74.7	19.2			83.3	LATVCV.pdb	Y42C	-2.19	-4.42	38			LATVCV	-2.5	-82	87	2.5	N.A.	0	yes	97_ApoAI_Y5C_1mM_05_50000x.jpg	LATVYV_ 94.jpg	yes	APOA1_HUMAN	P02647	-58.2	8.3	0
amyloid	-40.7	109.8	121	7	amyloid	-2.1	-3	72.2	20.4			66.7	LATVDV.pdb	Y42D	-0.85	-2.86	38			LATVDV	-1.8	-60.9	71.3	12.4	N.A.	0	yes	98_ApoAI_Y5D_1mM_02_2500x.jpg		no	APOA1_HUMAN	P02647	-44.9	0.8	0
amyloid	-42.1	118.2	118.2	7	amyloid	-1.8	-3.5	71	21.3			66.7	LATVEV.pdb	Y42E	-1.57	-2.34	38			LATVEV	-1.9	-63.1	69.6	6.3	N.A.	0	yes	99_ApoAI_Y5E_1mM_06_2000x.jpg	LATVYV_ 96.jpg	yes	APOA1_HUMAN	P02647	-45.8	0.8	0
amyloid	-52.4	111.8	135	1	amyloid	1.8	4.6	74.7	24			83.3	LATVFV.pdb	Y42F	-2.68	-5.23	38			LATVFV	-1.9	-97.1	91.4	-11.4	N.A.	15.4	yes	100_ApoAI_Y5F_1mM_03_10000x.jpg	LATVYV_ 97.jpg	yes	APOA1_HUMAN	P02647	-67.3	8.5	0.1
amyloid	-51.1	102.5	124.5	1	amyloid	1.8	4.2	79.9	16.2			66.7	LATVGV.pdb	Y42G	-0.71	-3.01	38			LATVGV	-1.7	-77.5	80.6	8.2	N.A.	0	yes	101_ApoAI_Y5G_1mM_04_4000x.jpg	LATVYV_ 98.jpg	yes	APOA1_HUMAN	P02647	-54	8.5	0
amyloid	-56.6	109.7	126.5	1	amyloid	1	1.4	75.4	23.7			66.7	LATVHV.pdb	Y42H	-2.17	-4.26	38			LATVHV	-6.6	-86.3	97.7	-1.3	N.A.	0	yes	102_ApoAI_Y5H_1mM_08_10000x.jpg	LATVYV_ 99.jpg	yes	APOA1_HUMAN	P02647	-62.3	8.4	0
amyloid	-53	111	138.7	1	amyloid	1.8	4.9	71	22.6			83.3	LATVIV.pdb	Y42I	-2.93	-6.32	38			LATVIV	-1.7	-95.2	94.6	-9.6	N.A.	13.2	yes	103_ApoAI_Y5I_1mM_04_4000x.jpg	LATVYV_ 100.jpg	yes	APOA1_HUMAN	P02647	-65.2	8.4	0.2
amyloid	-53.5	112	124.3	2	amyloid	2.7	4.1	70.9	27.1			66.7	LATVKV.pdb	Y42K	-2.07	-3.01	38			LATVKV	-3.9	-92.1	96.2	-5.1	N.A.	0	yes	104_ApoAI_Y5K_1mM_04_15000x.jpg		no	APOA1_HUMAN	P02647	-63.8	1.4	0
amyloid	-52.6	113.2	133.7	1	amyloid	1.8	4.4	74	22.3			83.3	LATVLV.pdb	Y42L	-2.12	-5.1	38			LATVLV	-1.7	-93.9	90.5	-9.6	N.A.	6.7	yes	105_ApoAI_Y5L_1mM_08_3000x.jpg	LATVYV_ 102.jpg	yes	APOA1_HUMAN	P02647	-64.1	8.3	0
amyloid	-40.5	117.2	129.5	6	amyloid	-0.9	-1.8	72.5	25.9			83.3	LATVMV.pdb	Y42M	-1.97	-4.52	38			LATVMV	-2.9	-82.1	72.6	-9.3	N.A.	1.4	yes	106_ApoAI_Y5M_1mM_05_8000x.jpg	LATVYV_ 103.jpg	yes	APOA1_HUMAN	P02647	-57	3	0
amyloid	-52	104.2	126.8	1	amyloid	1.8	4.4	75.6	23.5			66.7	LATVNV.pdb	Y42N	-1.21	-4.32	38			LATVNV	-11.8	-83.7	92.1	-0.8	N.A.	0	yes	107_ApoAI_Y5N_1mM_02_10000x.jpg	LATVYV_ 104.jpg	yes	APOA1_HUMAN	P02647	-60.4	8.2	0
amyloid	-24.3	102.5	121.2	7	amyloid	-0.7	-1.5	59	18.1			83.3	LATVPV.pdb	Y42P	-0.51	-2.34	38			LATVPV	-1.2	-61.9	66.6	18.8	N.A.	0	yes	108_ApoAI_Y5P_1mM_01_2500x.jpg	LATVYV_ 105.jpg	yes	APOA1_HUMAN	P02647	-43.3	2.3	0
amyloid	-53.8	111.5	130.3	1	amyloid	1.8	4.5	74.9	22.9			66.7	LATVQV.pdb	Y42Q	-2.25	-2.91	38			LATVQV	-5	-85.4	90.6	-0.4	N.A.	0	yes	109_ApoAI_Y5Q_1mM_11_8000x.jpg	LATVYV_ 106.jpg	yes	APOA1_HUMAN	P02647	-60.6	8.2	0
amyloid	-55.8	109.3	127.5	2	amyloid	2.1	-4.6	71.8	31.2			66.7	LATVRV.pdb	Y42R	-2.12	-3.1	38			LATVRV	-6.7	-92	103.9	-7.7	N.A.	0	yes	110_ApoAI_Y5R_1mM_07_5000x.jpg		no	APOA1_HUMAN	P02647	-66.6	1.9	0
amyloid	-56.5	105.8	124.5	1	amyloid	3.2	5	71.6	19			66.7	LATVSV.pdb	Y42S	-2.09	-3.68	38			LATVSV	-11.4	-59.1	71.5	2	N.A.	0	yes	111_ApoAI_Y5S_1mM_09_4000x.jpg	LATVYV_ 108.jpg	yes	APOA1_HUMAN	P02647	-44	0.2	0
amyloid	-56	106.8	131.8	1	amyloid	3.2	5.2	69.4	18.9			66.7	LATVTV.pdb	Y42T	-3.27	-4.43	38			LATVTV	-10.9	-62.8	76.3	-0.8	N.A.	0.7	yes	112_ApoAI_Y5T_1mM_01_4000x.jpg	LATVYV_ 109.jpg	yes	APOA1_HUMAN	P02647	-46.4	0.1	0
amyloid	-52.6	110.7	140.3	1	amyloid	1.8	4.8	70.3	18.6			83.3	LATVVV.pdb	Y42V	-3.18	-6.35	38			LATVVV	-1.7	-85.2	92.6	-1.6	N.A.	13.9	yes	113_ApoAI_Y5V_1mM_06_5000x.jpg	LATVYV_ 110.jpg	yes	APOA1_HUMAN	P02647	-60.4	8.4	0
amyloid	-52	111	134.8	1	amyloid	1.8	4.6	76	25.6			83.3	LATVWV.pdb	Y42W	-2.04	-5.25	38			LATVWV	-2.1	-102.7	97.1	-8.2	N.A.	5	yes	41_ApoAI_Y5W_1mM_15_4000x.jpg	LATVYV_ 41.jpg	yes	APOA1_HUMAN	P02647	-71.6	12.9	0
amyloid	-52	98.5	128	1	amyloid	1.8	4.1	73.2	24.5			83.3	LATVYC.pdb	V43C	-2.15	-2.85	38			LATVYC	-1.8	-86.8	81.6	-13.4	N.A.	0	yes				APOA1_HUMAN	P02647	-62.1	2.6	0
amyloid	-44.2	112	114.3	7	amyloid	-1.7	-4.6	67	25.5			66.7	LATVYE.pdb	V43E	-2.15	-2.78	38			LATVYE	-0.7	-74.1	77.6	-7.7	N.A.	0	yes	26_ApoAI_V6E_1mM_08_8000x.jpg		no	APOA1_HUMAN	P02647	-55.7	1.5	0
amyloid	-51.6	105.7	131.2	1	amyloid	3.2	2.1	70.7	26.7			83.3	LATVYF.pdb	V43F	-2.15	-3.66	38			LATVYF	-1.1	-103.4	84.6	-27	N.A.	4.4	yes	36_ApoAI_V6F_1mM_03_4000x.jpg	LATVYV_ 36.jpg	yes	APOA1_HUMAN	P02647	-72.4	10.8	0.5
amyloid	-49.8	104.8	134.8	1	amyloid	3.5	7.9	73.2	30.8			83.3	LATVYI.pdb	V43I	-2.21	-4.75	38			LATVYI	-2.9	-104.2	88.6	-20	N.A.	3.9	yes	16_ApoAI_V6I_1mM_03_15000x.jpg	LATVYV_ 16.jpg	yes	APOA1_HUMAN	P02647	-69.9	0.8	0.1
amyloid	-50.5	111	125.7	1	amyloid	2.3	5.6	71.7	29.9			83.3	LATVYM.pdb	V43M	-2.15	-2.95	38			LATVYM	-3.4	-97.5	77.9	-28.5	N.A.	0	yes	72_ApoAI_V6M_1mM_03_5000x.jpg	LATVYV_ 70.jpg	yes	APOA1_HUMAN	P02647	-66.6	0.7	0.4
amyloid	-52.6	98	123	1	amyloid	1.8	4.3	74.2	27			66.7	LATVYN.pdb	V43N	-2.15	-2.78	38			LATVYN	-10.5	-87.3	92.7	-10.9	N.A.	0	yes	82_ApoAI_V6N_1mM_04_12000x.jpg	LATVYV_ 80.jpg	yes	APOA1_HUMAN	P02647	-64.5	2.5	1
amyloid	-52.6	104.5	136.5	1	amyloid	1.8	4.5	75	24.8			83.3	LATVYV.pdb		-2.47	-4.78	38			LATVYV	-3.3	-96.3	92	-11.4	N.A.	4.1	yes	1_ApoAI_WT_1mM_04_15000x.jpg	LATVYV_ 2.jpg	yes	APOA1_HUMAN	P02647	-67.2	8.3	0.6
amyloid	-34	104.8	131	6	amyloid	-1.5	-2.5	65.5	29.7			83.3	LATVYW.pdb	V43W	-2.15	-3.68	38			LATVYW	-6.5	-90	80.9	-16.6	N.A.	3.2	yes	42_ApoAI_V6W_1mM_02_25000x.jpg	LATVYV_ 42.jpg	yes	APOA1_HUMAN	P02647	-64.8	3.4	0
amyloid	-49.9	98.3	132.7	1	amyloid	4	3.3	72.1	31.1			83.3	LATVYY.pdb	V43Y	-2.15	-3.21	38			LATVYY	-2.8	-89.8	79.4	-14.8	N.A.	1.2	yes	47_ApoAI_V6Y_1mM_03_12000x.jpg	LATVYV_ 47.jpg	yes	APOA1_HUMAN	P02647	-63.4	0.6	0.3
amyloid	-50.6	98.3	132.7	1	amyloid	2.3	6.5	74.3	27.3			83.3	LATYYV.pdb	V41Y	-2.39	-3.21	38			LATYYV	-2.6	-94.3	88.6	-7.7	N.A.	1.2	yes	46_ApoAI_V4Y_1mM_03_10000x.jpg	LATVYV_ 46.jpg	yes	APOA1_HUMAN	P02647	-68.6	8	74
amyloid	-36.4	111.5	99.2	5	amyloid	-1.9	-2.8	72.3	11.6			66.7	LAVAGD.pdb		0.77	0.58	0		21205900	LAVAGD	0	-44.6	44.3	12.9	N.A.	0	N.A.				N.A.	N.A.	-31.7	1.5	0
amyloid	-53.9	120.7	130.2	1	amyloid	1.8	4.7	79.1	33.9			100	LAVLFL.pdb		-3.88	-6.22	8		20154676	LAVLFL	0	-124.5	94.4	-38.2	N.A.	68.5	N.A.				APOA1_HUMAN	P02647	-79.6	1.8	558.3
amyloid	-49.6	108.3	145	1	amyloid	3.5	7.5	72.9	24.8			100	LAVVYV.pdb	T40V	-4.15	-6.7	38			LAVVYV	0	-95.1	79.6	-18.6	N.A.	76.6	yes	95_ApoAI_T3V_1mM_02_4000x.jpg	LATVYV_ 92.jpg	yes	APOA1_HUMAN	P02647	-63.6	0.7	457.3
amyloid	-53.1	108.7	139.5	1	amyloid	1.8	3.9	79.4	29.8			100	LAWVYV.pdb	T40W	-3.12	-5.6	38			LAWVYV	-3.8	-113.3	97.4	-20.8	N.A.	60.7	yes	39_ApoAI_T3W_1mM_01_5000x.jpg	LATVYV_ 39.jpg	yes	APOA1_HUMAN	P02647	-77.3	13.1	526.3
amyloid	-53	102.2	141.2	1	amyloid	1.8	5	78.4	30.9			100	LAYVYV.pdb	T40Y	-3.44	-5.13	38			LAYVYV	-1.3	-114.6	92.1	-26.3	N.A.	25	yes	45_ApoAI_T3Y_1mM_01_6000x.jpg	LATVYV_ 45.jpg	yes	APOA1_HUMAN	P02647	-77.2	10.2	79.8
amyloid	-52	92.5	142.5	1	amyloid	3.4	7.7	70.3	31.7			83.3	LCTVYV.pdb	A39C	-3.43	-5.35	38			LCTVYV	-3.9	-99.2	86.4	-19.2	N.A.	0.2	yes				APOA1_HUMAN	P02647	-68.9	0.9	0
amyloid	-54.3	120.8	113.7	1	amyloid	4.3	4.3	80.5	45.4	LEFWLQ.png	1643	66.7	LEFWLQ.pdb		-2.19	-1.82	334	0		LEFWLQ	-11.3	-116.7	89.2	-28.9	N.A.	0	yes	LEFWLQ.png			4F2_HUMAN	P08195	-79.5	5.9	4.9
amyloid	-51.9	99.7	145.7	1	amyloid	3.2	5.4	68.5	31			83.3	LFTVYV.pdb	A39F	-3.75	-6.17	38			LFTVYV	-3.2	-95.7	80	-25.3	N.A.	60	yes	33_ApoAI_A2F_1mM_02_10000x.jpg	LATVYV_ 33.jpg	yes	APOA1_HUMAN	P02647	-66.2	1.4	6.5
amyloid	-50.9	90.3	135.2	1	amyloid	3.4	7.4	75.6	25.3			66.7	LGTVYV.pdb	A39G	-2.47	-4.52	38			LGTVYV	-2.7	-84	80.2	-1	N.A.	0	yes	54_ApoAI_A2G_1mM_07_12000x.jpg	LATVYV_ 53.jpg	yes	APOA1_HUMAN	P02647	-58.8	0.6	0
amyloid	-52.7	97.5	137.2	1	amyloid	2.7	6.6	68.7	32.8			66.7	LHTVYV.pdb	A39H	-2.47	-5.2	38			LHTVYV	-6.9	-95.9	94.6	-11.8	N.A.	0	yes	74_ApoAI_A2H_1mM_04_8000x.jpg	LATVYV_ 72.jpg	yes	APOA1_HUMAN	P02647	-68.2	0.7	0
amyloid	-51.9	112.8	148	1	amyloid	2.3	7.2	70.1	41.8			100	LIFLIV.pdb		-6.21	-10.03	247		20154676	LIFLIV	0	-138.4	88.3	-54.9	N.A.	460.7	N.A.				PRIO_HUMAN	P04156	-84.7	4.3	595.1
amyloid	-52.2	98.8	149.3	1	amyloid	3.4	7.4	65.5	32.2			83.3	LITVYV.pdb	A39I	-3.78	-7.25	38			LITVYV	-1.9	-106.6	89	-30.4	N.A.	53.9	yes	13_ApoAI_A2I_1mM_05_10000x.jpg	LATVYV_ 13.jpg	yes	APOA1_HUMAN	P02647	-71.2	0.3	2.8
amyloid	-38.9	120	113.3	6	amyloid	-0.4	-2.1	72.2	18.8			83.3	LIVAAD.pdb		-1.08	-3	0		21205900	LIVAAD	0	-72.9	62.7	-6.1	N.A.	0	N.A.				N.A.	N.A.	-49	1.6	0
amyloid	-23.8	105.8	112	7	amyloid	0.5	-0.4	56.4	20.2			66.7	LIVAGD.pdb		-0.91	-2.03	0		21205900	LIVAGD	0	-70.4	59.3	-0.5	N.A.	0	N.A.				N.A.	N.A.	-45.6	1.8	0
amyloid	-23.8	114.2	109.2	7	amyloid	0.1	-0.8	56.9	20.2			66.7	LIVAGE.pdb		-1.42	-2.05	0		21205900	LIVAGE	0	-71.7	60.4	-1.2	N.A.	0	N.A.				N.A.	N.A.	-46.3	2.5	0
amyloid	-49	108	115.3	1	amyloid	2.4	4	80.5	22.2			66.7	LIVAGK.pdb		-1.91	-2.54	0		21205900	LIVAGK	0	-84.5	69.6	-5.9	N.A.	0	N.A.				N.A.	N.A.	-56	0.7	0
amyloid	-50.5	101.8	115.5	1	amyloid	3.5	5.3	76.9	23.1			66.7	LIVAGS.pdb		-2.26	-3.45	0		21205900	LIVAGS	-5.4	-75.3	67.2	-3.3	N.A.	0	N.A.				N.A.	N.A.	-51.2	0.8	0
amyloid	-23.8	102.8	122.8	7	amyloid	-0.7	-1.3	56.7	19.9			66.7	LIVAGT.pdb		-3.05	-3.44	0		21205900	LIVAGT	0	-70.7	60.1	-2	N.A.	0	N.A.				N.A.	N.A.	-45.9	2.5	0
amyloid	-54	113.7	124.7	1	amyloid	5	9.5	67.2	39.2			66.7	LKVKVL.pdb		-1.6	-3.43	89		23552370	LKVKVL	-2.6	-116.9	87.7	-37.8	N.A.	0	N.A.				CRYAB_HUMAN	P02511	-74.6	0.8	0
amyloid	-49.5	123	127.7	1	amyloid	2.5	4.4	68	20.6			100	LLAVVA.pdb		-2.13	-5.02	67		27245712	LLAVVA	0	-82.6	69.1	-17	N.A.	14.5	N.A.				CSGB_ECOLI	P0ABK7	-54.3	4	0
amyloid	-51.5	101	144.3	1	amyloid	2.3	6.1	67.1	32.8			83.3	LLTVYV.pdb	A39L	-2.97	-6.04	38			LLTVYV	-3.4	-109.8	85.8	-38.6	N.A.	28.3	yes	8_ApoAI_A2L_1mM_04_15000x.jpg	LATVYV_ 8.jpg	yes	APOA1_HUMAN	P02647	-71.8	1.3	1.1
amyloid	-53.3	102.3	118.3	1	amyloid	4.9	7.8	70.5	43.5			66.7	LLYYTE.pdb		-3.49	-1.09	84		16537487	LLYYTE	-14.2	-113.4	99.5	-30.2	N.A.	0	N.A.				B2MG_HUMAN	P61769	-79.9	3	0.2
amyloid	-51.3	105	140.2	1	amyloid	2.3	6.2	69.3	35.9			83.3	LMTVYV.pdb	A39M	-2.81	-5.46	38			LMTVYV	-3.5	-110.4	84.9	-29.8	N.A.	6	yes	69_ApoAI_A2M_1mM_03_5000x.jpg	LATVYV_ 67.jpg	yes	APOA1_HUMAN	P02647	-73.8	5.3	0.1
amyloid	-45.3	90.8	130.5	7	amyloid	-2	-11.8	72.2	45.3			66.7	LNIYQY.pdb		-1.5	-3.14	45			LNIYQY	-17.6	-102.8	90.3	-31.2	N.A.	0	no				CSGA_ECOLI	P28307	-72.2	8	0
amyloid	-45.3	90.8	130.5	7	amyloid	-2	-11.8	72.2	45.3			66.7	LNIYQY.pdb		-1.5	-3.14	45			LNIYQY	-17.6	-102.8	90.3	-31.2	N.A.	0	N.A.				CSGA_ECOLI	P28307	-72.2	8	0
amyloid	-51.7	92	137.5	1	amyloid	3.5	7.4	68.1	31.3			66.7	LNTVYV.pdb	A39N	-2.47	-5.26	38			LNTVYV	-7.7	-94.5	93	-14.9	N.A.	0	yes	79_ApoAI_A2N_1mM_02_4000x.jpg	LATVYV_ 77.jpg	yes	APOA1_HUMAN	P02647	-68.2	0.7	0
amyloid	-42.3	90.3	131.8	1	amyloid	3.4	7.6	82.7	27.5			83.3	LPTVYV.pdb	A39P	-2.47	-4.52	38			LPTVYV	-1.9	-91.6	85.1	11.1	N.A.	0	yes	4_ApoAI_A2P_1mM_05_6000x.jpg	LATVYV_ 4.jpg	yes	APOA1_HUMAN	P02647	-63.5	0.4	0
amyloid	-52.5	104.8	131.8	1	amyloid	3.3	5.2	69.1	41			66.7	LQIVYK.pdb	V623L	-2.48	-3.73	623			LQIVYK	-3.1	-112.6	80	-37.5	N.A.	0.9	yes	82_wt2_V1L_1mM_02_15000x.jpg	VQIVYK_ 82.jpg	yes	TAU_HUMAN	P10636	-72.9	3.6	3.4
amyloid	-51.9	99.3	141	1	amyloid	3.5	7.6	71	37.3			66.7	LQTVYV.pdb	A39Q	-2.47	-4.52	38			LQTVYV	-7.6	-101.8	96.6	-14.7	N.A.	0	yes	84_ApoAI_A2Q_1mM_01_6000x.jpg	LATVYV_ 82.jpg	yes	APOA1_HUMAN	P02647	-72.7	1.2	3.2
amyloid	-41.5	100.5	91	5	amyloid	-2	-6.7	66.3	37.6			33.3	LSFSKD.pdb		-1.12	0.31	74		16537487	LSFSKD	-14.2	-80.9	67.9	-29.7	3LOZ	0	N.A.				B2MG_HUMAN	P61769	-57.4	1	0
amyloid	-51.4	93.7	135.2	1	amyloid	3.4	7.4	68.8	27.1			66.7	LSTVYV.pdb	A39S	-2.47	-4.61	38			LSTVYV	-3	-86.4	85.9	-5.9	N.A.	0	yes	64_ApoAI_A2S_1mM_04_4000x.jpg	LATVYV_ 62.jpg	yes	APOA1_HUMAN	P02647	-61.7	0.2	0
amyloid	-50.4	94.7	142.5	1	amyloid	3.5	7.3	68.3	29.2			66.7	LTTVYV.pdb	A39T	-2.87	-5.36	38			LTTVYV	-3.8	-97	87.6	-19.2	N.A.	2.9	yes	89_ApoAI_A2T_1mM_09_6000x.jpg	LATVYV_ 87.jpg	yes	APOA1_HUMAN	P02647	-67.1	1.1	0.1
amyloid	-54.7	112.8	129.3	1	amyloid	6.5	11.7	64.5	34.2			66.7	LTVIIE.pdb		-4.78	-5.94	0		16537487	LTVIIE	-0.9	-116.1	89.6	-32.3	N.A.	3.5	N.A.				N.A.	N.A.	-73.7	2.4	325.9
amyloid	-49.8	118.3	116.2	1	amyloid	3.9	5.1	71.9	25.5			83.3	LVEALY.pdb		-2.4	-2.63	35		16537487	LVEALY	-7.5	-98.8	79.9	-37.1	N.A.	0	N.A.				INS_HUMAN	P01308	-68.1	0.3	0
amyloid	-50.2	105.2	134.2	1	amyloid	3.5	5.1	69.8	43.4	LVFYQQ.png	1678.32	66.7	LVFYQQ.pdb		-3.84	-3.21	817	0		LVFYQQ	-15.5	-105.1	84.7	-30.9	N.A.	0	yes	LTFIQV.png			ALMS1_HUMAN	Q8TCU4	-74.3	5.3	0
amyloid	-32.3	91.3	104.3	7	amyloid	-0.7	-1.4	65.5	29.9			33.3	LVHSSN.pdb		-0.12	-2.01	49		26629790	LVHSSN	-19.5	-52.9	77.2	23.8	N.A.	0	N.A.				IAPP_HUMAN	P10997	-44.6	1.2	0
amyloid	-51.6	98.5	151	1	amyloid	3.4	7.4	65.1	29.3			83.3	LVTVYV.pdb	A39V	-4.02	-7.28	38			LVTVYV	-2	-100.3	88.4	-24.4	N.A.	56.5	yes	94_ApoAI_A2V_1mM_04_5000x.jpg	LATVYV_ 91.jpg	yes	APOA1_HUMAN	P02647	-68.3	0.3	0.5
amyloid	-50.3	98.8	145.5	1	amyloid	3.5	8.3	71	33.7			83.3	LWTVYV.pdb	A39W	-3.47	-6.18	38			LWTVYV	-2	-111.8	95.6	-21.8	N.A.	44.4	yes	38_ApoAI_A2W_1mM_07_15000x.jpg	LATVYV_ 38.jpg	yes	APOA1_HUMAN	P02647	-76.5	2.9	0
amyloid	-44.5	106.7	107.2	7	amyloid	-1.8	-5.8	76	48			50	LYQLEN.pdb		-0.37	-0.25	102		16537487	LYQLEN	-18.5	-93.6	84.7	-20.6	2OMP	0	N.A.				INS_HUMAN	P01308	-66.6	0.4	0.6
amyloid	-50.8	92.3	147.2	1	amyloid	3.5	8.3	70	34.2			83.3	LYTVYV.pdb	A39Y	-3.76	-5.71	38			LYTVYV	-2.9	-110.9	97	-21.4	N.A.	18	yes	44_ApoAI_A2Y_1mM_10_8000x.jpg	LATVYV_ 44.jpg	yes	APOA1_HUMAN	P02647	-76.5	3.5	1.7
amyloid	-44.4	105.2	151.2	7	amyloid	-2	-5	68.1	37.2			100	LYVLIV.pdb		-4.27	-7.93			23815227	LYVLIV	0	-112.4	83.4	-44.3	N.A.	290.5	N.A.				N.A.	N.A.	-72.2	1.5	596.1
amyloid	-52.8	108.5	132.3	1	amyloid	1.8	4.5	74.6	27.5			83.3	MATVYV.pdb	L38M	-2.47	-4.52	38			MATVYV	-2.6	-101.5	92.2	-16.2	N.A.	1.2	yes	68_ApoAI_L1M_1mM_08_10000x.jpg	LATVYV_ 66.jpg	yes	APOA1_HUMAN	P02647	-71.3	8.5	0.3
amyloid	-55.8	104	117.8	1	amyloid	3.4	6	75	49.5			66.7	MCSIFQ.pdb		-2.5	-2.44			23815227	MCSIFQ	-13.3	-101	85.2	-24.2	N.A.	0	N.A.				N.A.	N.A.	-75.4	1.9	27.4
amyloid	-58.8	106.2	120.2	1	amyloid	2.5	7.4	72.4	43.7			50	MHVNIQ.pdb		-1.36	-4.05			23815227	MHVNIQ	-18.3	-106.2	100.7	-27.1	N.A.	0	N.A.				N.A.	N.A.	-76.1	1.5	91.9
amyloid	-52.3	115	110.2	1	amyloid	3.7	5.9	71	43			50	MIENIQ.pdb		-1.34	-2.55	0		20154676	MIENIQ	-13.5	-96.3	91.9	-14.7	N.A.	0	N.A.				N.A.	N.A.	-69.6	0.4	128.3
amyloid	-55.2	98.3	109	1	amyloid	4	5.8	76.3	38			50	MIHFGN.pdb		-2.33	-3.63	137		21323366	MIHFGN	-9.9	-89.2	80.5	-12.9	3NVG	0	N.A.				PRIO_MOUSE	P04925	-65.4	0.9	0
amyloid	-54.3	118.7	140.5	1	amyloid	3.1	6.7	71.4	40.2			100	MLVLFV.pdb		-5.86	-8.18	8		20154676	MLVLFV	0	-133.2	86.2	-55	N.A.	202.1	N.A.				PRIO_HUMAN	P04156	-84.1	3.5	583.2
amyloid	-53.8	104.5	99.8	1	amyloid	3.5	4.9	84.8	41.6			50	MMHFGN.pdb		-1.78	-1.73	138		21323366	MMHFGN	-10.6	-102.9	78.8	-19.6	3NVE	0	N.A.				PRIO_MESAU	P04273	-73.9	5.1	0
amyloid	-51.9	108.8	127.7	1	amyloid	3.4	5.3	68.7	43.9			66.7	MQIVYK.pdb	V623M	-2.48	-3.16	623			MQIVYK	-3.3	-113.9	80.8	-33.4	N.A.	0	yes	51_wt2_V1M_1mM_01_15000x.jpg	VQIVYK_ 51.jpg	yes	TAU_HUMAN	P10636	-76	5.9	1.9
amyloid	-50.3	104.5	120.2	1	amyloid	3.5	5	68.8	46.4	MTFIQN.png	1679	50	MTFIQN.pdb		-3.08	-3.24	306	0.29		MTFIQN	-15.8	-101.9	84.3	-31.5	N.A.	0	yes	MTFIQN.png			ITA8_HUMAN	P53708	-73.3	1	0
amyloid	-45.6	116.8	125.2	7	amyloid	-2.5	-6.2	62.7	37.5			66.7	MTVIIE.pdb		-4.88	-5.24	0		16537487	MTVIIE	-1.3	-96.4	84.1	-32.2	N.A.	0	N.A.				N.A.	N.A.	-66.5	0.4	237.8
amyloid	-44.9	96.2	127.5	8	amyloid	-2	-5	76.7	20.1			66.7	MVGGVV.pdb		-3.55	-4.17	706		1746874	MVGGVV	0	-67.6	73.1	1.8	2OKZ2ONA	0	N.A.				A4_HUMAN	P05067	-50.1	0.5	0
amyloid	-49.2	95.5	129.7	1	amyloid	3.5	7.3	73.4	26.5			66.7	NATVYV.pdb	L38N	-2.47	-4.52	38			NATVYV	-19.1	-78.3	85.6	-6.7	N.A.	0	yes	78_ApoAI_L1N_1mM_13_8000x.jpg	LATVYV_ 76.jpg	yes	APOA1_HUMAN	P02647	-59.1	1.1	0.8
amyloid	-58.2	101.3	112.5	1	amyloid	1.1	5.9	83.7	26.8			66.7	NFGAIL.pdb		-1.02	-3.16	55		16537487	NFGAIL	-7.5	-94.6	100.8	-7	N.A.	0	N.A.				IAPP_HUMAN	P10997	-68	2.3	50.3
amyloid	-22.4	96.3	92	1	amyloid	3	3.3	88.5	30.6			33.3	NFGEFS.pdb	A315E	1.08	2.18	312		29786080	NFGEFS	-11.8	-84.3	103.3	51.6	N.A.	0	N.A.				TADBP_HUMAN	Q13148	-65.5	6.4	4.3
amyloid	-58.3	88.5	109.5	1	amyloid	1.1	5.4	79	28.1			33.3	NFGSVQ.pdb		-1.19	-1.62	0		15478463	NFGSVQ	-17	-71	97.4	9.6	N.A.	0	N.A.				N.A.	N.A.	-58.2	2	0
amyloid		101.4	122.8	class1	amyloid							60	NFLVH.pdb		-3.08	-5.78	0		15478463	NFLVH				0.94	N.A.	0	N.A.				N.A.	N.A.			0
amyloid	-60	97.3	114.8	6	amyloid	-1.9	-5.5	71.6	35.8			50	NFLVHS.pdb		-3.32	-5.67	47		19684598	NFLVHS	-15.9	-82.1	82.4	-30.1	3FR1	0	N.A.				IAPP_HUMAN	P10997	-60.3	2	0
amyloid	-51.9	83.2	118	1	amyloid	3.3	5.8	72	34.1			50	NFVNYS.pdb		-0.83	-3.31			23815227	NFVNYS	-18.2	-90.1	91.4	-17.4	N.A.	0	N.A.				N.A.	N.A.	-69.3	3.8	599
amyloid	-55	94.8	117.2	6	amyloid	-2.2	-3.8	71.2	41.9			50	NHFCIQ.pdb		-2.87	-2.85			23815227	NHFCIQ	-11.9	-80.3	83.5	-12.3	N.A.	0	N.A.				N.A.	N.A.	-62.3	3.5	0.3
amyloid	-51.8	92.3	111.7	1	amyloid	2.5	4.3	64.7	30.5			33.3	NHVTLS.pdb		-3.04	-4.07	103		16537487	NHVTLS	-16.1	-78.3	83.8	-13.3	N.A.	0	N.A.				B2MG_HUMAN	P61769	-58.5	3.6	0
amyloid	-53	91.8	122.2	1	amyloid	3.5	5	71.5	37.5			50	NIFNFT.pdb		-3.03	-5.72	0		14691246	NIFNFT	-21	-84	85.2	-16.3	N.A.	0	N.A.				N.A.	N.A.	-64.3	2.8	583.3
amyloid	-54.3	91	125.8	1	amyloid	3.5	5.3	66.2	34.8			50	NIFNIT.pdb		-2.92	-6.42	0		14691246	NIFNIT	-15.5	-83.7	91.3	-13	N.A.	0	N.A.				N.A.	N.A.	-64.1	2.8	591.5
amyloid	-48.6	102.2	134	7	amyloid	-2.1	-5.1	69	43.9	NIFWVQ.png	1680.03/1641.83	66.7	NIFWVQ.pdb		-3.38	-6.13	228	18.51		NIFWVQ	-12.7	-109.7	94.4	-32.4	N.A.	0	yes	NIFWVQ.png			MERTK_HUMAN	Q12866	-78.1	5.5	0.2
amyloid	-53.4	91.8	122.2	1	amyloid	3.5	6	76.3	38			50	NINFFT.pdb		-3.03	-5.72	0		14691246	NINFFT	-15.6	-100.4	93.1	-16.7	N.A.	0	N.A.				N.A.	N.A.	-73.8	4.4	239.5
amyloid	-46.3	91	125.8	7	amyloid	-2.1	-4.7	68.3	37.4			50	NINFIT.pdb		-2.92	-6.42	0		14691246	NINFIT	-16	-89.9	87.7	-18.4	N.A.	0	N.A.				N.A.	N.A.	-66	6.6	341.8
amyloid	-68.8	83.3	96	1	amyloid	2	3.2	71.8	45.9	NINKSN.png	1680/1645	16.7	NINKSN.pdb		1.4	-2.1	417	0		NINKSN	-35.7	-71.4	109.9	0.9	N.A.	0	yes	NINKSN.png			CYC8_YEAST	P14922	-58.9	0.4	0
amyloid	-53.1	99.3	106.8	1	amyloid	-0.3	-5	78.4	31.5			50	NKGAII.pdb		0.29	-2.11	698		21949245	NKGAII	-5.7	-84.2	98.1	2.3	N.A.	0	N.A.				A4_HUMAN	P05067	-58.4	0.4	0
amyloid	-53.9	100.3	124	1	amyloid	3.1	8.5	74.6	45	NLFYQL.png	1679	66.7	NLFYQL.pdb		-2.28	-3.24	150	197.18		NLFYQL	-12.5	-117.1	99	-26.1	N.A.	0	yes	NLFYQL.png			MLH3_HUMAN	Q9UHC1	-82.2	8.2	0.1
amyloid	-64.3	84.5	101.5	1	amyloid	2	5.2	78.1	36.8	NNNWSL.png	1679.25/1644.43/1630.59	33.3	NNNWSL.pdb		1.36	-2.74	270	167.51		NNNWSL	-39.9	-71.8	119.3	3.5	N.A.	0	yes	NNNWSL.png			NRP1_YEAST	P32770	-66.1	3.3	0
amyloid	-69.4	84.7	105.7	1	amyloid	2	2	79.6	48.3			16.7	NNQNTF.pdb		0.59	-1.48	173		19684598	NNQNTF	-59.6	-75	126.1	-15	3FVA	0	N.A.				PRIO_CEREN	P67986	-70.6	1.2	0
amyloid	-50.2	82	105.7	1	amyloid	3.1	2.5	77.3	61			16.7	NNQQNY.pdb		2.15	0.43	8		15944695	NNQQNY	-70.5	-83.3	124.3	-13	1YJO	0	N.A.				ERF3_YEAST	P05453	-79.3	1.1	0
amyloid	-30.6	65.3	78.7	7	amyloid	-0.7	-1.1	67.7	15.8	NNSGPN.png	1679.32/1642.83	16.7	NNSGPN.pdb		5.82	3.25	37	5.05		NNSGPN	-18	-19.9	50.3	41.9	N.A.	0	yes	NNSGPN.png			CSGA_ECOLI	P28307	-22.3	0.8	0
amyloid	-58.3	97.3	122	6	amyloid	-1.9	-3.4	71.2	39.4			50	NQFIIS.pdb		-2.84	-5.15	207		20154676	NQFIIS	-11.6	-85	77.1	-25.5	N.A.	0	N.A.				TNPO1_HUMAN	Q92973	-60.7	2.4	598.3
amyloid	-51.2	104	110.2	1	amyloid	3.8	5.9	75.3	42.4	NQFNLM.png	1679.53/1646.36	50	NQFNLM.pdb		-0.49	-2.51	82	35.87		NQFNLM	-26.5	-94	93.6	-19.5	N.A.	0	yes	NQFNLM.png			GALT1_HUMAN	Q10472	-72.6	2.4	42.8
amyloid	-51.7	95.8	125	1	amyloid	3.4	5.2	69.1	39.2			50	NQIVYK.pdb	V623N	-2.48	-3.07	623			NQIVYK	-15.5	-95.4	87.6	-25.1	N.A.	0	yes	15_wt2_V1N_1mM_03_15000x.jpg		no	TAU_HUMAN	P10636	-69	0.8	4.6
amyloid	-54.4	88.5	114.2	1	amyloid	3.5	7.5	78.2	35.9			33.3	NQNNFV.pdb		0.22	-3.83	171		14691246	NQNNFV	-32	-72.3	97.5	5.3	N.A.	0	N.A.				PRIO_HUMAN	P04156	-61.3	1	504.1
amyloid	-58	89.3	109.2	2	amyloid	3.8	3.5	77.9	53.9			16.7	NQQNQY.pdb		1.44	1.71	0		20154676	NQQNQY	-50.3	-77.7	107.2	-2.7	N.A.	0	N.A.				N.A.	N.A.	-69.3	5.3	0
amyloid	-56.7	103.8	122.5	6	amyloid	-1.1	-2.1	65.1	31.5			50	NTVIIE.pdb		-3.32	-5.31	0		16537487	NTVIIE	-7.2	-76.8	77.2	-21.6	N.A.	0	N.A.				N.A.	N.A.	-53.3	0.1	374.1
amyloid	-49.7	82	125.3	1	amyloid	2.5	5.6	78	35.1			66.7	NYCNFV.pdb		-4.44	-4.91	0		20154676	NYCNFV	-14.8	-84.4	88.6	-2.9	N.A.	0	N.A.				N.A.	N.A.	-66.6	3.5	399.6
amyloid	-53.7	94	145.5	1	amyloid	2.5	8.5	71.7	32.6			83.3	NYVWIV.pdb		-4.65	-8.19	581		20154676	NYVWIV	-0.3	-110.8	95.3	-20.7	N.A.	10.7	N.A.				AMPN_HUMAN	P15144	-75.8	6	599.8
amyloid	-46	107	100.5	7	amyloid	-2	-4.5	74.3	39.4			33.3	QANKHI.pdb		-0.23	-0.89	0		20133726	QANKHI	-19.5	-67	90.9	13.1	N.A.	0	N.A.				N.A.	N.A.	-55.7	0.6	0
amyloid	-52.1	102.8	133.2	1	amyloid	1.8	4.4	74.1	28			66.7	QATVYV.pdb	L38Q	-2.47	-4.52	38			QATVYV	-9.9	-87.7	89.8	-5.1	N.A.	0	yes	83_ApoAI_L1Q_1mM_15_12000x.jpg	LATVYV_ 81.jpg	yes	APOA1_HUMAN	P02647	-63.6	8.4	0.3
amyloid	-48.1	119.7	95	7	amyloid	-1.9	-16.7	78.2	52.5			33.3	QEMRHF.pdb		-1.52	1.26	0		20133726	QEMRHF	-16.8	-88.3	93.7	-10.5	N.A.	0	N.A.				N.A.	N.A.	-69.1	3.4	0
amyloid	-51.1	113.7	127.3	1	amyloid	3.2	-2.1	74.1	45	QFFLQF.png	1679.1/1640.29	66.7	QFFLQF.pdb		-4.08	-3.56	205	57.8		QFFLQF	-7.7	-119.2	79.4	-53.9	N.A.	0	yes	QFFLQF.png			SF3A2_HUMAN	Q15428	-79	2.7	0.5
amyloid	-48.5	92.5	117.5	1	amyloid	3.3	0.1	80.4	30.2			50	QGVCFR.pdb		-2.25	-1.71			23815227	QGVCFR	-6	-76	73.4	3	N.A.	0	N.A.				N.A.	N.A.	-56.6	2.7	0
amyloid	-52.2	107.7	123.7	1	amyloid	3.5	5.3	72.9	45.8	QILLWS.png	1678.79/1643.35	66.7	QILLWS.pdb		-2.92	-3.92	239	188.95		QILLWS	-8.5	-117.6	83.3	-36.3	N.A.	0.8	yes	QILLWS.png			PDE6A_HUMAN	P16499	-77.3	1.3	33.5
amyloid	-52.4	98.2	105.3	1	amyloid	4.8	6	76.1	42.7			50	QLENYC.pdb		-2.39	0.61	0		20154676	QLENYC	-23.7	-86.6	85.1	-12.7	N.A.	0	N.A.				N.A.	N.A.	-65.2	0.5	88.6
amyloid	-49.5	105.5	127.5	1	amyloid	3.5	2	68.6	47.9	QLFINF.png	1678.58/1641.41	66.7	QLFINF.pdb		-3.26	-5.54	268	2.64		QLFINF	-10.5	-119.4	79.3	-52.6	N.A.	0	yes	QLFINF.png			GDF3_HUMAN	Q9NR23	-78.1	3.3	0.1
amyloid	-51.6	114.2	129.7	1	amyloid	2.3	6.7	74.9	48.8	QLFLQI.png	1678.47/1641/1606.91	66.7	QLFLQI.pdb		-3.21	-3.76	143	5.17		QLFLQI	-7.5	-128.7	84.3	-40.7	N.A.	0	yes	QLFLQI.png			GPR37_HUMAN	O15354	-81	7.7	0
amyloid	-53.4	106.5	117.7	1	amyloid	3.2	4.8	78	53.7	QNLLWQ.png	1677	50	QNLLWQ.pdb		-0.37	-1.27	173	137.24		QNLLWQ	-31	-100	88.5	-26.5	N.A.	0	yes	QNLLWQ.png			LATH_HUMAN	Q86YQ2	-72.6	1.5	0.3
amyloid	-50.9	103.2	128.5	1	amyloid	3	5.7	67.7	43			50	QQIVYK.pdb	V623Q	-2.48	-3.07	623			QQIVYK	-13	-104.5	90.8	-20.6	N.A.	0	yes	52_wt2_V1Q_1mM_01_6000x.jpg	VQIVYK_ 52.jpg	yes	TAU_HUMAN	P10636	-72.6	1.2	2
amyloid	-58.2	107.3	112.2	1	amyloid	3.5	5.4	75	55			33.3	QQSLFQ.pdb		-0.61	0.45			23815227	QQSLFQ	-34.8	-89.5	97.1	-15.6	N.A.	0	N.A.				N.A.	N.A.	-71.7	1.2	174.8
amyloid	-52	100.2	126	1	amyloid	2.3	6.5	67.4	40	QTFLVN.png	1680.49	50	QTFLVN.pdb		-3.18	-3.99	4	59.07		QTFLVN	-20.7	-90.6	92.2	-18	N.A.	0	yes	QTFLVN.png			GBB5_HUMAN	O14775	-67.4	0.9	0
amyloid	-52.1	111.2	126	1	amyloid	3.7	-10	66.1	42.9			50	QTVIIE.pdb		-4.03	-4.03	0		16537487	QTVIIE	-11.5	-97	187.5	-24.6	N.A.	0	N.A.				N.A.	N.A.	-71.7	10.8	248.8
amyloid	-50.8	111.3	113.3	1	amyloid	5.9	4.9	77.1	51.4	QYFEQF.png	1672.41/1648.28	50	QYFEQF.pdb		-2.6	0.03	127	0.13		QYFEQF	-21.7	-102	97.6	-10.4	N.A.	0	yes	QYFEQF.png			MSI1H_HUMAN	O43347	-77.8	2.9	0
amyloid	-48.2	83.8	96.5	1	amyloid	2.3	6.1	84	20.8			33.3	QYGGNA.pdb		1.91	3.43	0		19616765	QYGGNA	-14.4	-47.7	57.9	24.2	N.A.	0	N.A.				N.A.	N.A.	-39.2	2	0
amyloid	-50.5	71.3	97.5	1	amyloid	3.1	7.8	91.1	28.5			16.7	QYGGNN.pdb		2.34	2.65	0		19616765	QYGGNN	-33.4	-49.9	77.1	27.8	N.A.	0	N.A.				N.A.	N.A.	-46.2	0.2	0
amyloid	-43.8	100.7	130.3	7	amyloid	-3.5	-6.2	67.1	22.7			66.7	RATVYV.pdb	L38R	-2.47	-4.52	38			RATVYV	-0.4	-66.8	75.8	-4	N.A.	0	yes	58_ApoAI_L1R_1mM_02_3000x.jpg	LATVYV_ 57.jpg	yes	APOA1_HUMAN	P02647	-51.8	0.9	0
amyloid	-55.6	109.5	133.5	1	amyloid	-0.8	-15.6	68.4	46.5			66.7	RQVLIF.pdb		-3.89	-4.62	14		20154676	RQVLIF	-5.4	-120.6	109.9	-48.2	N.A.	0	N.A.				PCDB2_HUMAN	Q9Y5E7	-81.9	5.3	574.6
amyloid	-51.9	109	123.2	6	amyloid	-6	-14.2	65.6	45.2			50	RTVIIE.pdb		-3.86	-3.64	0		16537487	RTVIIE	-17.2	-86.3	92.7	-30.8	N.A.	0	N.A.				N.A.	N.A.	-62.2	1	33.4
amyloid	-52.4	106.2	125.8	1	amyloid	5	6.9	72.3	41			66.7	RVFNIM.pdb		-3.28	-5.2	0		20154676	RVFNIM	-7.9	-116.7	109.1	-23.6	N.A.	0	N.A.				N.A.	N.A.	-85.7	0.6	394.1
amyloid	-50.7	119	101.8	1	amyloid	2.5	6.6	81.2	26.7	SALALQ.png	1676.55/1638.09	66.7	SALALQ.pdb		-0.18	-0.06	55	4.58		SALALQ	-5.8	-80.4	66.8	-5.7	N.A.	0	yes	SALALQ.png			CSGA_ECOLI	P28307	-53.2	0.4	0
amyloid	-51.9	97.2	127.3	1	amyloid	1.8	4.4	73.6	20.9			66.7	SATVYV.pdb	L38S	-2.47	-4.52	38			SATVYV	-3.5	-81.2	80.1	-3.5	N.A.	0	yes	63_ApoAI_L1S_1mM_06_2000x.jpg	LATVYV_ 61.jpg	yes	APOA1_HUMAN	P02647	-57.7	8.3	0.1
amyloid	-46.5	115.3	114.2	7	amyloid	-1.7	-3.9	67.3	26.4			66.7	SAVIIE.pdb		-2.96	-4.54	0		16537487	SAVIIE	-7.4	-71.2	67.6	-18.2	N.A.	0.8	N.A.				N.A.	N.A.	-50.7	0.3	414.2
amyloid	-50.6	108.5	109.3	1	amyloid	7.5	9.8	63.4	28			50	SDVIIE.pdb		-2.33	-3.44	0		16537487	SDVIIE	-4.7	-86.6	77.2	-11.9	N.A.	0	N.A.				N.A.	N.A.	-58.3	0.3	411.7
amyloid	-52.7	98.8	106.3	1	amyloid	3.7	1.3	79	42.4	SELNIY.png	1679.48/1649.99	50	SELNIY.pdb		-1.46	-2.27	43	0		SELNIY	-18.5	-103.3	97.6	-24.7	N.A.	0	yes	SELNIY.png			CSGA_ECOLI	P28307	-75.9	1.1	52.9
amyloid	-50.8	116.8	106.5	1	amyloid	7.5	10.7	65.3	29.8			50	SEVIIE.pdb		-2.84	-3.46	0		16537487	SEVIIE	-4.7	-90.5	74.7	-15.7	N.A.	0	N.A.				N.A.	N.A.	-59.9	0.3	253.3
amyloid	-52.7	105.8	126.5	1	amyloid	3.3	7.9	71.6	41.2			66.7	SFFFIQ.pdb		-5.17	-5.58	3417		20154676	SFFFIQ	-6.4	-110.8	76.9	-32.4	N.A.	31.4	N.A.				MYO15_HUMAN	Q9UKN7	-76.3	6.6	568.2
amyloid	-52.4	108.8	128.5	1	amyloid	3.2	5.7	74	39.9			83.3	SFLIFL.pdb		-5.16	-6.99	245		20154676	SFLIFL	0	-124.4	72	-56.3	N.A.	23.1	N.A.				PRIO_HUMAN	P04156	-77.3	1.9	459
amyloid	-49.9	103.3	118.8	1	amyloid	3.4	7.3	72.5	41.5			66.7	SFQIYA.pdb		-3.05	-2.57	124		20154676	SFQIYA	-19	-100.1	78.1	-31.7	N.A.	0	N.A.				CYTC_HUMAN	P01034	-70.5	4.6	582.2
amyloid	-51.9	110.5	123.3	6	amyloid	-1.5	-4.3	66.4	34.5			66.7	SFVIIE.pdb		-4.75	-6.45	0		16537487	SFVIIE	-1.8	-97.9	75	-37.3	N.A.	12.5	N.A.				N.A.	N.A.	-64.5	3	579.4
amyloid	-47.1	101.2	112.8	7	amyloid	-1.7	-3.8	69.5	25.2			50	SGVIIE.pdb		-2.79	-3.57	0		16537487	SGVIIE	-7.5	-62.7	64.3	-8.3	N.A.	0	N.A.				N.A.	N.A.	-46	0.3	57.6
amyloid	-48.3	109.7	127	7	amyloid	-1.6	-4	62.3	34.4			66.7	SIVIIE.pdb		-4.64	-7.15	0		16537487	SIVIIE	-4.8	-96	74	-42	N.A.	11.1	N.A.				N.A.	N.A.	-63	3.2	552.6
amyloid	-47	111.8	122	7	amyloid	-1.4	-3.7	62.6	37.2			66.7	SLVIIE.pdb		-3.99	-5.95	0		16537487	SLVIIE	-7.5	-98.5	72.5	-39.4	N.A.	5.6	N.A.				N.A.	N.A.	-64	2.4	486.4
amyloid	-52.1	115.8	117.8	6	amyloid	-1.8	-2.9	65.4	36.8			66.7	SMVIIE.pdb		-4.09	-5.25	0		16537487	SMVIIE	-1.8	-96.3	74.9	-35.9	N.A.	1.2	N.A.				N.A.	N.A.	-63.5	1.9	143.4
amyloid	-48.5	106.5	115.5	7	amyloid	-2.1	-4.7	72	39.6			66.7	SMVLFS.pdb		-4.39	-4.75	231		20154676	SMVLFS	-9.5	-96.3	76.1	-31.5	N.A.	1.5	N.A.				PRIO_HUMAN	P04156	-66.9	5.2	154.4
amyloid	-53.3	83.7	98.3	2	amyloid	3.8	3.4	77.5	46.9			16.7	SNQNNF.pdb		1.38	-1.49	170		17468747	SNQNNF	-58.3	-71.8	101.5	-14.5	2OL9	0	N.A.				PRIO_HUMAN	P04156	-65.3	1.1	0
amyloid	-54.5	102.8	115.2	1	amyloid	6.6	10.6	65.1	30.4			50	SNVIIE.pdb		-2.53	-5.32	0		16537487	SNVIIE	-9.3	-90.5	79	-19.2	N.A.	0	N.A.				N.A.	N.A.	-61.9	0.6	83.4
amyloid	-52.8	107.7	112.5	1	amyloid	1.6	3.2	74.2	26.6			50	SQAIIH.pdb		-1.42	-3.36			23815227	SQAIIH	-5.8	-78.6	77.5	-6.6	N.A.	0	N.A.				N.A.	N.A.	-54.9	0.3	2.7
amyloid	-48.9	93.5	124.8	7	amyloid	-2.1	-4.1	71.9	43.7			50	SQFYIT.pdb		-4.56	-2.88	623		20154676	SQFYIT	-19.1	-91.7	90.3	-15.6	N.A.	0	N.A.				YLPM1_HUMAN	P49750	-70.7	10.2	587
amyloid	-48.8	97.5	122.7	7	amyloid	-2	-4.6	68	41.6			50	SQIVYK.pdb	V623S	-2.48	-3.07	623			SQIVYK	-12.6	-89.7	83.8	-24.1	N.A.	0	yes	39_wt2_V1S_1mM_06_15000x.jpg	VQIVYK_ 39.jpg	yes	TAU_HUMAN	P10636	-66.5	4.2	0.7
amyloid	-48.1	110.2	118.7	7	amyloid	-1.5	-4	64.5	35.3			50	SQVIIE.pdb		-3.24	-4.04	0		16537487	SQVIIE	-4.8	-85.3	77.6	-24.2	N.A.	0	N.A.				N.A.	N.A.	-60	0.4	556.2
amyloid	-47.7	76.3	90.2	7	amyloid	-2.1	-4	75	25.7			16.7	SSNNFG.pdb		0.68	-0.56	52		20154676	SSNNFG	-18.4	-44.8	67	8.9	N.A.	0	N.A.				IAPP_HUMAN	P10997	-43	0.3	0.1
amyloid	-65.6	94.2	109.8	1	amyloid	2	4.1	70	37.3			16.7	SSQVTQ.pdb		-1.5	0.01	53		23552370	SSQVTQ	-34.7	-57.5	98.2	2.5	N.A.	0	N.A.				APOE_HUMAN	P02649	-53.7	0.2	0
amyloid	-47.5	77.8	100.5	1	amyloid	3.6	5.4	67.6	19.2			16.7	SSTNVG.pdb		-1.35	-0.84	61		1968459818556473	SSTNVG	-15.1	-43.5	57.4	11.6	3FTR3DG1	0	N.A.				IAPP_HUMAN	P10997	-36.5	0	0
amyloid	-45.2	99.7	85	5	amyloid	-1.1	-1.4	64.2	16.2			33.3	SSTSAA.pdb		-0.79	1.31	41		20133726	SSTSAA	-18.3	-19	43.1	17.9	N.A.	0	N.A.				RNAS1_BOVIN	P61823	-21.4	0.4	0
amyloid	-53.2	104.5	112.8	6	amyloid	-1.3	-2.3	65.2	27.9			50	SSVIIE.pdb		-3.68	-4.86	0		16537487	SSVIIE	-6.5	-66.2	68.6	-14.2	N.A.	0	N.A.				N.A.	N.A.	-47.5	0.1	36.4
amyloid	-52.3	113	98	1	amyloid	8.5	13.2	66.8	37.9			33.3	STEIIE.pdb		-2.47	-1.11	0		16537487	STEIIE	-15.6	-90.4	88	-3.6	N.A.	0	N.A.				N.A.	N.A.	-63	1.7	1.7
amyloid	-54.1	107.5	111.2	6	amyloid	-1.5	-5	71.4	34.9			50	STFIFE.pdb		-4.49	-3.4	0		16537487	STFIFE	-5.1	-90.3	78.3	-29.8	N.A.	0.7	N.A.				N.A.	N.A.	-63.3	2.4	69
amyloid	-54.1	106.7	114.8	6	amyloid	-1.7	-3.8	69.4	35.8			50	STFIIE.pdb		-4.38	-4.1	0		16537487	STFIIE	-7.1	-89.2	76.2	-28.1	N.A.	0.6	N.A.				N.A.	N.A.	-61	2	123.4
amyloid	-53.9	108.8	109.8	6	amyloid	-1.7	-3.3	71	36			50	STFLIE.pdb		-3.73	-2.9	0		16537487	STFLIE	-8.3	-88.4	74.1	-27.5	N.A.	0	N.A.				N.A.	N.A.	-60.2	0.7	71.5
amyloid	-44.6	103.3	104.3	7	amyloid	-1.9	-5.5	71	29.1			33.3	STFTFE.pdb		-4.32	-1.1	0		16537487	STFTFE	-17.2	-73.4	84.2	-11.6	N.A.	0	N.A.				N.A.	N.A.	-58.1	2.4	2.6
amyloid	-53.8	108	113.5	6	amyloid	-1.5	-2.5	68.7	34.7			50	STLIIE.pdb		-3.62	-3.6	0		16537487	STLIIE	-5	-86.2	69.9	-30	N.A.	0	N.A.				N.A.	N.A.	-56.1	0.2	6.5
amyloid	-45	95.5	108.8	5	amyloid	-1.1	-1.5	67.8	32			33.3	STMSIT.pdb		-4.39	-2	0		20133726	STMSIT	-15.1	-62.2	61.6	-5.4	N.A.	0	N.A.				N.A.	N.A.	-48.1	5.4	0
amyloid	-46.5	99	106.7	7	amyloid	-1.5	-3.7	65.3	31.4			33.3	STNIIE.pdb		-2.16	-2.97	0		16537487	STNIIE	-8.7	-71.5	80.5	-8.7	N.A.	0	N.A.				N.A.	N.A.	-54.9	0.1	3.5
amyloid	-51.5	106.3	110.2	1	amyloid	6	9.9	64.7	43.2			33.3	STQIIE.pdb		-2.87	-1.69	0		16537487	STQIIE	-19	-94.2	89.3	-14.3	N.A.	0	N.A.				N.A.	N.A.	-66.1	1.7	8.9
amyloid	-53	100.7	104.3	1	amyloid	6	10	61.9	34.1			33.3	STSIIE.pdb		-3.31	-2.51	0		16537487	STSIIE	-17.3	-81.6	84.7	-12.3	N.A.	0	N.A.				N.A.	N.A.	-59.4	1.4	2.7
amyloid	-45	112.7	99.7	7	amyloid	-0.4	-0.9	66.1	25.2			33.3	STVEIE.pdb		-2.67	-1.16	0		16537487	STVEIE	-6.8	-60.4	72.4	5.1	N.A.	0	N.A.				N.A.	N.A.	-46.4	0.2	1.4
amyloid	-53.6	106.3	116.5	1	amyloid	6.6	8.5	65.7	28.7			50	STVFIE.pdb		-4.58	-4.15	0		16537487	STVFIE	-2.6	-93.5	77.5	-22.3	N.A.	0.7	N.A.				N.A.	N.A.	-63.6	1.7	37.3
amyloid	-45.1	106.3	116.5	9	amyloid	-1.9	-5.7	63.8	31			50	STVIFE.pdb		-4.58	-4.15	0		16537487	STVIFE	-7.8	-80.2	80	-20.1	N.A.	0.7	N.A.				N.A.	N.A.	-58.1	2.9	67.9
amyloid	-52.8	104	127.8	1	amyloid	2.5	5.9	63.1	22.3			66.7	STVIIA.pdb		-4.59	-5.93	0		16537487	STVIIA	0	-84.1	68.7	-27.9	N.A.	1.3	N.A.				N.A.	N.A.	-55.9	0.4	404.2
amyloid	-45.5	97.2	123	7	amyloid	-2.4	-5.2	62.5	29.2			50	STVIID.pdb		-3.96	-4.83	0		16537487	STVIID	-8.9	-72.8	75	-18.2	N.A.	0.6	N.A.				N.A.	N.A.	-52.9	0.4	187.5
amyloid	-53.3	105.5	120.2	6	amyloid	-1.5	-2.5	64.9	30.1			50	STVIIE.pdb		-4.47	-4.85	0		16537487	STVIIE	-6.3	-74.4	71.3	-20.9	N.A.	0.6	N.A.				N.A.	N.A.	-51.3	0.4	121.7
amyloid	-53.6	99.2	137	1	amyloid	2.5	3.9	63.7	30			66.7	STVIIF.pdb		-6.38	-7.84	0		16537487	STVIIF	0	-101.6	78.5	-40.3	N.A.	3	N.A.				N.A.	N.A.	-66.7	0.9	473.4
amyloid	-52.8	89.8	126.5	1	amyloid	2.5	5.9	62.6	22.2			50	STVIIG.pdb		-4.42	-4.96	0		16537487	STVIIG	0	-81.9	63.1	-30.2	N.A.	1.3	N.A.				N.A.	N.A.	-54.1	0.4	95.6
amyloid	-53.5	98.3	140.7	1	amyloid	3.4	8.5	64.9	35.3			66.7	STVIII.pdb		-6.27	-8.54	0		16537487	STVIII	-4.1	-106.6	83.8	-32.2	N.A.	2.3	N.A.				N.A.	N.A.	-68.4	1	209.8
amyloid	-53.7	100.5	135.7	1	amyloid	2.5	6.8	63.8	27.9			66.7	STVIIL.pdb		-5.62	-7.34	0		16537487	STVIIL	0	-99.6	76.8	-36.7	N.A.	1.3	N.A.				N.A.	N.A.	-64.3	0.6	350.2
amyloid	-54.2	104.5	131.5	6	amyloid	-1.9	-3.2	65.7	35			66.7	STVIIM.pdb		-5.72	-6.64	0		16537487	STVIIM	-4	-90.3	72.9	-37.3	N.A.	1.3	N.A.				N.A.	N.A.	-59.9	0.3	454.3
amyloid	-53.2	91.5	128.8	1	amyloid	2.5	6.3	63.2	30			50	STVIIN.pdb		-4.16	-6.71	0		16537487	STVIIN	-10.1	-88.5	78.1	-29.8	N.A.	1.3	N.A.				N.A.	N.A.	-60.7	0.5	533.6
amyloid	-54.4	98.8	132.3	1	amyloid	2.5	6.2	64.1	28.5			50	STVIIQ.pdb		-4.87	-5.43	0		16537487	STVIIQ	-3.3	-90.1	73.9	-30.4	N.A.	1.3	N.A.				N.A.	N.A.	-60.2	0.4	232.6
amyloid	-52.8	93.2	126.5	1	amyloid	2.5	6	63	24.5			50	STVIIS.pdb		-5.31	-6.25	0		16537487	STVIIS	-1.9	-83.7	70.9	-25.1	N.A.	1.3	N.A.				N.A.	N.A.	-56.6	0.5	310.4
amyloid	-50	94.2	133.8	6	amyloid	-1.7	-2.5	59.3	27.3			50	STVIIT.pdb		-6.1	-6.24	0		16537487	STVIIT	-4.6	-77	72.7	-23.4	N.A.	1.3	N.A.				N.A.	N.A.	-52.3	3.2	250.9
amyloid	-52.7	98	142.3	1	amyloid	3.4	8	64	29.9			66.7	STVIIV.pdb		-6.47	-8.59	0		16537487	STVIIV	-3.9	-95.6	79.6	-27.2	N.A.	2.9	N.A.				N.A.	N.A.	-62.9	0.6	492
amyloid	-53	98.3	136.8	1	amyloid	2.5	6.8	63	29.3			66.7	STVIIW.pdb		-5.65	-7.18	0		16537487	STVIIW	0	-99	78.1	-33.5	N.A.	1.3	N.A.				N.A.	N.A.	-65.5	1.8	93.5
amyloid	-50.8	91.8	138.5	1	amyloid	3.2	-4.2	63.5	33.8			66.7	STVIIY.pdb		-6.05	-6.74	0		16537487	STVIIY	-13	-98	91.3	-39.7	N.A.	1.3	N.A.				N.A.	N.A.	-67.3	0.3	429.6
amyloid	-47.3	99	118	7	amyloid	-1.6	-4.6	64.7	33.3			50	STVIYE.pdb		-4.25	-3.05	0		16537487	STVIYE	-16.5	-79.3	82.4	-17.8	N.A.	0	N.A.				N.A.	N.A.	-59.7	8.7	226.5
amyloid	-45.9	107.7	115.2	7	amyloid	-1.7	-4.1	65.3	32.6			50	STVLIE.pdb		-3.82	-3.65	0		16537487	STVLIE	-8.4	-79.2	73.2	-20.8	N.A.	0	N.A.				N.A.	N.A.	-55.8	1.7	70.3
amyloid	-52.3	98.7	108.3	1	amyloid	7.1	11.6	67.3	29.7			33.3	STVNIE.pdb		-2.36	-3.02	0		16537487	STVNIE	-19.7	-76.5	77.3	-6.7	N.A.	0	N.A.				N.A.	N.A.	-55	1.3	44.2
amyloid	-53	101.3	113.3	1	amyloid	6.6	10.8	62.4	20.9			33.3	STVTIE.pdb		-4.3	-2.55	0		16537487	STVTIE	-0.8	-75.2	72	-5.5	N.A.	0	N.A.				N.A.	N.A.	-52.6	1.2	5.1
amyloid	-53.8	105.5	116.3	1	amyloid	6.6	11.3	67.3	33.6			50	STVWIE.pdb		-3.85	-3.49	0		16537487	STVWIE	-13.3	-95.3	86.4	-16.3	N.A.	0	N.A.				N.A.	N.A.	-66.8	3.5	301
amyloid	-53.3	99	118	1	amyloid	6.6	9.4	65.8	30.2			50	STVYIE.pdb		-4.25	-3.05	0		16537487	STVYIE	-7.1	-91.8	76.8	-22.4	N.A.	0	N.A.				N.A.	N.A.	-62.7	1.5	143.5
amyloid	-51.5	106.7	111	1	amyloid	3.7	-11.3	75.9	47.3			50	STWIFE.pdb		-3.76	-2.74	0		16537487	STWIFE	-5.6	-101	184.8	-15.6	N.A.	0	N.A.				N.A.	N.A.	-75.7	12.6	130.2
amyloid	-54.5	105.8	114.7	6	amyloid	-1.9	-3.2	71.5	35.5			50	STWIIE.pdb		-3.65	-3.44	0		16537487	STWIIE	-5.5	-90.2	81.9	-15.2	N.A.	0	N.A.				N.A.	N.A.	-63.3	8.7	213.5
amyloid	-54	99.3	112.5	6	amyloid	-1.7	-4.7	74.2	39.5			50	STWIYE.pdb		-3.43	-1.64	0		16537487	STWIYE	-14.9	-88.7	86.8	-18.7	N.A.	0	N.A.				N.A.	N.A.	-65.3	6.7	340.9
amyloid	-53.8	108	109.7	6	amyloid	-2	-3.2	71.8	35.4			50	STWLIE.pdb		-3	-2.24	0		16537487	STWLIE	-5.7	-88.2	79.1	-17.1	N.A.	0	N.A.				N.A.	N.A.	-61.4	6.1	134.2
amyloid	-48.5	96.3	114.7	1	amyloid	6.1	12.7	66.8	25.7			50	SVNLDV.pdb		-0.68	-3.26	76		23552370	SVNLDV	-10.1	-86.4	74.9	-11.5	N.A.	0	N.A.				CRYAB_HUMAN	P02511	-57.5	1	0
amyloid	-48.2	80.5	102.8	1	amyloid	2.3	3.5	69.3	19.4			33.3	SVSSSY.pdb		-1.16	-0.44			23552370	SVSSSY	-14.4	-62.2	73.6	-6.9	N.A.	0	N.A.				N.A.	N.A.	-52.3	0.7	0
amyloid	-47.3	109.3	128.7	7	amyloid	-1.5	-3.8	62.1	30.3			66.7	SVVIIE.pdb		-4.84	-7.2	0		16537487	SVVIIE	-5.2	-87.2	71.1	-33.7	N.A.	11.7	N.A.				N.A.	N.A.	-58.7	3.1	404.5
amyloid	-53.9	88	99.3	7	amyloid	-2	-4.4	74.6	30.8			33.3	SYSTMS.pdb		-3.38	-0.21	101		20133726	SYSTMS	-16.2	-50	65.1	3.6	N.A.	0	N.A.				RNAS1_BOVIN	P61823	-44	0.7	0
amyloid	-51.9	103.2	124.8	6	amyloid	-1.7	-4.7	66.7	37.3			66.7	SYVIIE.pdb		-4.42	-5.35	0		16537487	SYVIIE	-4.5	-93.8	80.4	-25.2	N.A.	4.2	N.A.				N.A.	N.A.	-64.1	4.5	523.9
amyloid	-51.5	116.2	122.8	1	amyloid	3.4	6	76.3	41.3			66.7	TAMIIQ.pdb		-1.76	-3.7	112		27245712	TAMIIQ	-8.7	-105.2	78.9	-26.5	N.A.	0	N.A.				CSGB_ECOLI	P0ABK7	-69.6	2.2	8.1
amyloid	-43.3	105.2	105.2	7	amyloid	-1.8	-4.2	83.7	28.3			50	TAMLGT.pdb	C91A	-0.28	-0.52	90		23395606	TAMLGT	-9.3	-80.8	77	-3	N.A.	0	N.A.				CALC_HUMAN	P01258	-57.4	2.8	0
amyloid	-46.2	87.2	86	7	amyloid	-1.8	-4	75.1	25.2			16.7	TASNSS.pdb		1.06	1.11	129			TASNSS	-33.8	-33.7	74.4	21.5	N.A.	0	N.A.				CSGA_ECOLI	P28307	-37.2	3	0
amyloid	-50.6	98.2	134.7	1	amyloid	3.4	7.4	73.7	21.7			66.7	TATVYV.pdb	L38T	-2.47	-4.52	38			TATVYV	-2.9	-78.1	77.5	-2	N.A.	3.1	yes	88_ApoAI_L1T_1mM_06_5000x.jpg	LATVYV_ 86.jpg	yes	APOA1_HUMAN	P02647	-55.8	0.1	0.4
amyloid	-49.1	102	111.8	1	amyloid	2.3	1.7	71.4	23.6			33.3	TAVTHR.pdb	C89A	-2.05	-1.67	88		29501724	TAVTHR	-6.7	-74.4	84.8	5.9	N.A.	0	N.A.				CALCA_HUMAN	P06881	-58	7.1	0
amyloid	-59.2	97.8	125	1	amyloid	2	4.6	70.1	22.3			50	TAVVTN.pdb		-3.27	-4.07	139		26459562	TAVVTN	-19	-65.6	88.4	1.1	N.A.	0	N.A.				TTHY_HUMAN	P02766	-50.9	6.1	0.3
amyloid	-51.9	93.2	111.2	1	amyloid	2.4	4.6	86	34.3			50	TCMLGT.pdb		-0.88	-1.09	90		23395606	TCMLGT	-5.1	-88	72.5	-2.4	N.A.	0	N.A.				CALC_HUMAN	P01258	-61.6	3.1	0
amyloid	-49.4	90	117.8	1	amyloid	2.4	1.6	68	26.3			33.3	TCVTHR.pdb		-2.95	-2.24	88		29501724	TCVTHR	-10.8	-76.3	86.7	2.4	N.A.	0	N.A.				CALCA_HUMAN	P06881	-60.2	9.1	0
amyloid	-51.5	93.2	115.2	1	amyloid	3.2	5.1	72.5	36.8			33.3	TFQINS.pdb		-2.67	-2.85	0		20133726	TFQINS	-18.1	-76.7	69.1	-11.7	N.A.	0	N.A.				N.A.	N.A.	-56	3.2	0
amyloid	-43.1	106.2	93.8	7	amyloid	0.4	-0.6	79.7	23.8			33.3	TGELAT.pdb	C372A	0.55	2.28	368		26879157	TGELAT	-10.7	-63.8	81.9	21.5	N.A.	0	N.A.				ZP2_HUMAN	Q05996	-48.4	1.2	0
amyloid	-51.6	109	120.8	1	amyloid	3.7	-11.6	68.2	44.4			50	TIITLE.pdb		-3.79	-4.86			26748848	TIITLE	-3.3	-98.8	189.6	9	N.A.	0	N.A.				P53_HUMAN	P04637	-71.6	11.3	0
amyloid	-52.3	95.2	141.2	1	amyloid	2.5	6.9	62	25.5	TIITVT.png	1639.38/1629.99	50	TIITVT.pdb		-6.89	-6.23	125	3.03		TIITVT	-2.1	-89.8	86	-20.7	N.A.	6.8	yes	TIITVT.png			G1UBC2_CANAL	G1UBC2	-61.6	0.5	0
amyloid	-51.8	98.5	130	1	amyloid	3.3	5.3	69	37			50	TQIVYK.pdb	V623T	-2.48	-3.07	623			TQIVYK	-12.1	-96.7	82.2	-29.1	N.A.	0	yes	11_wt2_V1T_1mM_01_15000x.jpg		no	TAU_HUMAN	P10636	-67	1.1	2.2
amyloid	-54	106.5	127.5	1	amyloid	6.6	10.9	63.8	28.2			50	TTVIIE.pdb		-5.26	-4.84	0		16537487	TTVIIE	-0.5	-98.8	79.4	-24.9	N.A.	0	N.A.				N.A.	N.A.	-64.6	0.6	261.8
amyloid	-52.2	97.7	130	1	amyloid	7	8	73.9	41.2			66.7	TYVEYI.pdb		-4.99	-3.54	72		20154676	TYVEYI	-15.7	-98.6	92.7	-12.6	N.A.	0	N.A.				P85A_HUMAN	P27986	-71	1	296.1
amyloid	-54.5	103.2	126.5	1	amyloid	4	7.1	75.2	28.3			66.7	VAFNIT.pdb		-3.55	-5.69	0		14691246	VAFNIT	-15.1	-85.1	83.6	-16	N.A.	0	N.A.				N.A.	N.A.	-61.4	0.2	543.9
amyloid	-50.8	107.5	134	1	amyloid	3.7	5.6	73.4	29.1			83.3	VAIVYK.pdb	Q624A	-3.42	-5.91	623			VAIVYK	-0.5	-96.1	71.7	-26.7	N.A.	23.6	yes	48_wt2_Q2A_1mM_02_12000x.jpg	VQIVYK_ 48.jpg	yes	TAU_HUMAN	P10636	-63.6	0.5	0.6
amyloid	-54.6	103.2	126.5	1	amyloid	2.5	7	76.4	28			66.7	VANFIT.pdb		-3.55	-5.69	0		14691246	VANFIT	-17	-81.6	90.4	-4.3	N.A.	0	N.A.				N.A.	N.A.	-61.9	5.1	93.2
amyloid	-51.8	102	143.2	1	amyloid	1.8	4.5	74.4	21.1			83.3	VATVYV.pdb	L38V	-3.31	-6.03	38			VATVYV	-2.5	-87	88.3	-3.1	N.A.	11.7	yes	93_ApoAI_L1V_1mM_06_3000x.jpg	LATVYV_ 90.jpg	yes	APOA1_HUMAN	P02647	-61.9	8.4	0.6
amyloid	-49.7	112.2	136.3	1	amyloid	3.1	2.4	78.8	27.3	VAVHVF.png	1675.49/1624.85	83.3	VAVHVF.pdb		-5.76	-8.48	48	21.43		VAVHVF	-6.5	-102	81.9	-18.1	N.A.	3.4	yes	VAVHVF.png			TTHY_HUMAN	P02766	-70	4.4	0
amyloid	-52.5	95.5	140	1	amyloid	3.4	5.3	70.3	34.7			83.3	VCIVYK.pdb	Q624C	-4.31	-6.49	623			VCIVYK	-1.7	-102.1	78.7	-30.9	N.A.	29.4	yes	20_wt2_Q2C_1mM_04_15000x.jpg	VQIVYK_ 20.jpg	yes	TAU_HUMAN	P10636	-68.3	0.7	0.2
amyloid	-52.2	100.7	129.2	1	amyloid	3.3	2.7	67.8	33.6			66.7	VDIVYK.pdb	Q624D	-2.25	-4.93	623			VDIVYK	-1.8	-100.2	83.6	-29.2	N.A.	0	yes	57_wt2_Q2D_1mM_05_25000x copy.jpg		no	TAU_HUMAN	P10636	-67.6	0.7	0.6
amyloid	-50.1	118.3	116.2	1	amyloid	3	3.9	76.2	26.1			83.3	VEALYL.pdb		-2.4	-2.63	36		16537487	VEALYL	-6.6	-101.2	80.2	-34.2	2OMQ	0	N.A.				INS_HUMAN	P01308	-68.3	1.7	96.1
amyloid	-51.7	109	126.3	1	amyloid	3.8	4.6	70.6	33.7			66.7	VEIVYK.pdb	Q624E	-3.15	-3.79	623			VEIVYK	-0.9	-103.5	81.2	-29.6	N.A.	0	yes	32_wt2_Q2E_1mM_03_20000x.jpg		no	TAU_HUMAN	P10636	-69	0.6	0.2
amyloid	-55.2	91.5	123.8	1	amyloid	4	6.3	73.2	36	VFFNNT.png	1678.84/1643	50	VFFNNT.pdb		-3.23	-5.77	1167	5.66		VFFNNT	-25.3	-84.3	88.8	-17.9	N.A.	0	yes	VFFNNT.png			ABCAC_HUMAN	Q86UK0	-65.5	2.4	0
amyloid	-52	102.7	143.2	1	amyloid	3.6	5.8	70	37.8			83.3	VFIVYK.pdb	Q624F	-4.81	-7.3	623			VFIVYK	-0.8	-119.8	78	-48.2	N.A.	215.4	yes	24_wt2_Q2F_1mM_07_12000x.jpg	VQIVYK_ 24.jpg	yes	TAU_HUMAN	P10636	-77.6	1.9	4.5
amyloid	-50.5	93.3	132.7	1	amyloid	3.3	5.1	76.1	31.1			66.7	VGIVYK.pdb	Q624G	-2.68	-5.08	623			VGIVYK	-0.8	-96.5	73.2	-20.7	N.A.	2.5	yes	44_wt2_Q2G_1mM_03_15000x.jpg	VQIVYK_ 44.jpg	yes	TAU_HUMAN	P10636	-63.3	0.9	0
amyloid	-58.1	100.5	134.7	1	amyloid	3.8	5.7	70.7	38.3			66.7	VHIVYK.pdb	Q624H	-3.22	-6.33	623			VHIVYK	-6.8	-108.3	85.7	-38.1	N.A.	0.7	yes	8_wt2_Q2H_1mM_03_15000x.jpg	VQIVYK_ 8.jpg	yes	TAU_HUMAN	P10636	-73.9	2.6	0
amyloid	-52.8	110.5	142	1	amyloid	3.2	5.3	65.5	37.2			83.3	VIFTIM.pdb		-3.61	-7.1			23815227	VIFTIM	-1.7	-108	84.7	-37.9	N.A.	59.8	N.A.				N.A.	N.A.	-73.2	1	573.3
amyloid	-49.1	105.3	126.3	1	amyloid	3.4	6	76.5	28.4	VIGIAQ.png	1679.23/1642.61/1653.95	66.7	VIGIAQ.pdb		-2.47	-3.83	149	35.01		VIGIAQ	-4.6	-83.3	71.7	-5.8	N.A.	0	yes	VIGIAQ.png			SODC_HUMAN	P00441	-55.4	0.1	0
amyloid	-51.4	101.8	146.8	1	amyloid	3.7	5.6	65.3	34.3			83.3	VIIVYK.pdb	Q624I	-5.06	-8.39	623			VIIVYK	0	-107.3	77.6	-40.5	N.A.	201	yes	29_wt2_Q2I_1mM_08_12000x.jpg	VQIVYK_ 29.jpg	yes	TAU_HUMAN	P10636	-70.2	0.9	2
amyloid	-51	106.8	137.5	1	amyloid	2.5	4.5	65.6	37.5			83.3	VILLIS.pdb		-5.14	-8.44	240		20154676	VILLIS	-5.7	-115.9	79.2	-50.1	N.A.	62.8	N.A.				PRIO_HUMAN	P04156	-72.1	3.5	496.3
amyloid	-40.9	104.7	136.8	6	amyloid	-0.9	-1.6	66.1	19.2	VIVATT.png	1679.2/1643.89	66.7	VIVATT.pdb		-5.58	-5.97	326	3.99		VIVATT	-3.3	-66.3	67.7	-1.6	N.A.	2.7	yes	VIVATT.png			ALS1_CANAL	Q5A8T4	-47.6	1.9	1.2
amyloid	-52.6	102.8	132.5	1	amyloid	4.7	7.1	68.6	35.6			66.7	VKIVYK.pdb	Q624K	-2.86	-5.08	623			VKIVYK	-1.6	-104.8	76.7	-32.6	N.A.	0	yes	36_wt2_Q2K_1mM_02_5000x.jpg	VQIVYK_ 36.jpg	yes	TAU_HUMAN	P10636	-69	1	0
amyloid	-53	104	141.8	1	amyloid	3.7	5.4	70	37.4			83.3	VLIVYK.pdb	Q624L	-4.24	-7.17	623			VLIVYK	-1.7	-112.9	76.5	-45.2	N.A.	125.9	yes	83_wt2_Q2L_1mM_03_6000x.jpg	VQIVYK_ 83.jpg	yes	TAU_HUMAN	P10636	-72.4	0.6	0.9
amyloid	-53.8	122.8	116.7	1	amyloid	5.2	7.9	72.8	27			66.7	VLVEAQ.pdb	C46A	-1.12	-2.14	42		26879157	VLVEAQ	-6.9	-84.4	76	-1	N.A.	0	N.A.				ZP3_HUMAN	P21754	-57.2	8.9	0
amyloid	-52.8	108	137.7	1	amyloid	3.3	5.2	71.4	40.3			83.3	VMIVYK.pdb	Q624M	-4.09	-6.59	623			VMIVYK	-1.8	-118.8	81.2	-47.1	N.A.	33.5	yes	4_wt2_Q2M_1mM_08_15000x.jpg	VQIVYK_ 4.jpg	yes	TAU_HUMAN	P10636	-76.8	1	0.1
amyloid	-53.6	95	135	1	amyloid	3.4	5.4	69.1	37.6			66.7	VNIVYK.pdb	Q624N	-1.91	-6.39	623			VNIVYK	-9.8	-102.7	84.4	-33.3	N.A.	1.1	yes	16_wt2_Q2N_1mM_05_15000x.jpg	VQIVYK_ 16.jpg	yes	TAU_HUMAN	P10636	-70	0.8	0
amyloid	-54.7	97.5	126	1	amyloid	3.5	5.5	72	48.2			50	VNQLYQ.pdb		-0.47	-1.74			23815227	VNQLYQ	-27.9	-91.4	99.2	-14.1	N.A.	0	N.A.				N.A.	N.A.	-71.6	1.3	75
amyloid	-47.8	96.5	138	7	amyloid	-2	-4.9	67.8	28.1	VNVTQV.png	1678.48/1644.63/1637.64	50	VNVTQV.pdb		-4.12	-5.99	135	43.56		VNVTQV	-13.6	-53.8	74	5.7	N.A.	0	yes	VNVTQV.png			CSGA_ECOLI	P28307	-43.4	0.2	0
amyloid	-52.1	96	131.7	1	amyloid	2.2	4.4	72.9	34.6			66.7	VQCVYK.pdb	I625C	-3.31	-3.08	623			VQCVYK	-9.5	-92.1	80.7	-15.8	N.A.	0	yes	21_wt2_I3C_1mM_04_15000x.jpg	VQIVYK_ 21.jpg	yes	TAU_HUMAN	P10636	-67.9	12.1	2
amyloid	-52.5	106.5	122.2	1	amyloid	4	6.6	73.2	35.6	VQFLQS.png	1679.63/1643.71	50	VQFLQS.pdb		-3.1	-2.72	608	228.32		VQFLQS	-9.5	-90.8	76.7	-18.5	N.A.	0	yes	VQFLQS.png			MAN1_HUMAN	Q9Y2U8	-63.9	0.4	0.1
amyloid	-50.9	103.2	134.8	1	amyloid	3.7	6.4	71.8	36.1			66.7	VQFVYK.pdb	I625F	-2.63	-3.9	623			VQFVYK	-4.4	-105	79.6	-33.1	N.A.	1.3	yes	25_wt2_I3F_1mM_02_12000x.jpg	VQIVYK_ 25.jpg	yes	TAU_HUMAN	P10636	-72	0.3	105.4
amyloid	-52.7	96.3	130	1	amyloid	3.6	5.3	74.9	36.6			66.7	VQICYK.pdb	V626C	-2.86	-3.05	623			VQICYK	-5	-93.4	73.8	-19.7	N.A.	0	yes	22_wt2_V4C_1mM_03_6000x.jpg	VQIVYK_ 22.jpg	yes	TAU_HUMAN	P10636	-64.4	0.5	0.1
amyloid	-50.6	101.5	119.2	1	amyloid	4.5	3.3	71.5	43.2			50	VQIDYK.pdb	V626D	-1.52	-1.49	623			VQIDYK	-17.8	-95.1	91.1	-15.3	N.A.	0	yes	59_wt2_V4D_1mM_05_12000x.jpg		no	TAU_HUMAN	P10636	-66.8	0.7	0
amyloid	-51.2	103.5	133.2	1	amyloid	3.5	6.2	72.8	41.7			66.7	VQIFYK.pdb	V626F	-2.7	-3.87	623			VQIFYK	-6.1	-112	78.9	-39.6	N.A.	1.2	yes	26_TauWT2_V4F_1mM_03_10000x.jpg	VQIVYK_ 26.jpg	yes	TAU_HUMAN	P10636	-74.6	0.8	92.4
amyloid	-48.1	102.3	127.2	1	amyloid	2.7	5.4	70	45.4			50	VQIINK.pdb		-1.79	-4.52	592		29359764	VQIINK	-20.9	-90.5	95.7	-1.8	N.A.	0	N.A.				TAU_HUMAN	P10636	-66.3	4.1	0
amyloid	-48.1	102.3	127.2	1	amyloid	2.7	5.4	70	45.4			50	VQIINK.pdb		-1.79	-4.52	592		27776213	VQIINK	-20.9	-90.5	95.7	-1.8	N.A.	0	N.A.				TAU_HUMAN	P10636	-66.3	4.1	0
amyloid	-52.6	102.7	136.8	1	amyloid	3.6	5.4	70.2	47.2			66.7	VQIIYK.pdb	V626I	-2.41	-4.95	623			VQIIYK	-9.2	-112.5	78.5	-41.1	N.A.	1.1	yes	30_wt2_V4I_1mM_04_15000x.jpg	VQIVYK_ 30.jpg	yes	TAU_HUMAN	P10636	-73.3	0.7	245.9
amyloid	-52	103.7	122.5	1	amyloid	4.2	6.5	73.3	38.3			50	VQIKYK.pdb	V626K	-2.35	-1.64	623			VQIKYK	-3.7	-99.8	78.9	-19.4	N.A.	0	yes	38_wt2_V4K_1mM_01_12000x.jpg	VQIVYK_ 38.jpg	yes	TAU_HUMAN	P10636	-67.3	0.4	1.2
amyloid	-52.6	104.8	131.8	1	amyloid	3.6	5.4	72.6	44.6			66.7	VQILYK.pdb	V626L	-1.72	-3.73	623			VQILYK	-6.5	-112.7	78.8	-36.4	N.A.	0	yes	85_wt2_V4L_1mM_02_10000x.jpg	VQIVYK_ 85.jpg	yes	TAU_HUMAN	P10636	-73.3	0.8	160
amyloid	-52	108.8	127.7	1	amyloid	3.7	5.6	75	46.2			66.7	VQIMYK.pdb	V626M	-1.85	-3.16	623			VQIMYK	-5.7	-114	78.9	-36.6	N.A.	0	yes	6_wt2_V4M_1mM_04_15000x.jpg	VQIVYK_ 6.jpg	yes	TAU_HUMAN	P10636	-75.8	0.6	0.5
amyloid	-51.5	95.8	125	1	amyloid	3.2	5.1	73.3	41.4			50	VQINYK.pdb	V626N	-1.97	-2.95	623			VQINYK	-18.5	-94.4	86.7	-20.4	N.A.	0	yes	18_wt2_V4N_1mM_05_15000x.jpg	VQIVYK_ 18.jpg	yes	TAU_HUMAN	P10636	-67.5	0.9	107.4
amyloid	-54	103.2	128.5	1	amyloid	3.1	5.1	74.3	44.9			50	VQIQYK.pdb	V626Q	-2.32	-1.54	623			VQIQYK	-12.8	-98.5	83.8	-20.4	N.A.	0	yes	54_wt2_V4Q_1mM_05_15000x.jpg	VQIVYK_ 54.jpg	yes	TAU_HUMAN	P10636	-68.1	0.7	0.1
amyloid	-55	101	125.7	1	amyloid	4.9	7.7	74.1	37.9			50	VQIRYK.pdb	V626R	-2.64	-1.73	623			VQIRYK	-6.1	-96.2	79.3	-16.8	N.A.	0	yes	95_wt2_V4R_1mM_02_15000x.jpg	VQIVYK_ 95.jpg	yes	TAU_HUMAN	P10636	-66.3	0.6	0
amyloid	-49.9	97.5	122.7	1	amyloid	3.3	5.2	72.7	38.2			50	VQISYK.pdb	V626S	-2.46	-2.31	623			VQISYK	-14.9	-88.8	78	-17.1	N.A.	0	yes	42_wt2_V4S_1mM_04_15000x.jpg	VQIVYK_ 42.jpg	yes	TAU_HUMAN	P10636	-62.4	0.6	0.8
amyloid	-51.6	98.5	130	1	amyloid	3.3	5.2	68.8	39.9			50	VQITYK.pdb	V626T	-3.35	-3.06	623			VQITYK	-12.2	-96.8	83.6	-25.3	N.A.	0	yes	14_wt2_V4T_1mM_05_15000x.jpg	VQIVYK_ 14.jpg	yes	TAU_HUMAN	P10636	-67	0.7	13.8
amyloid	-50	114.5	127.8	1	amyloid	3.8	5.2	72.9	34.6			66.7	VQIVAK.pdb	Y627A	-1.91	-4.55	623			VQIVAK	-9.3	-86.1	71.9	-14.3	N.A.	0	yes	98_Tau2_Y5A_1mM_06_3000x.jpg	VQIVYK_ 98.jpg	yes	TAU_HUMAN	P10636	-58	0	0
amyloid	-50.6	102.5	133.8	1	amyloid	3.7	5.1	68.4	31.4			66.7	VQIVCK.pdb	Y627C	-2.59	-4.62	623			VQIVCK	-3.7	-86.1	71.3	-18.5	N.A.	0	yes	99_Tau2_Y5C_1mM_09_3000x.jpg	VQIVYK_ 99.jpg	yes	TAU_HUMAN	P10636	-58.5	0.1	0
amyloid	-46.6	107.7	123	7	amyloid	-3.4	-3.3	63.7	33.8			50	VQIVDK.pdb	Y627D	-1.91	-4.55	623			VQIVDK	-8.4	-78.8	88.7	-12.7	N.A.	0	yes	100_Tau2_Y5D_1mM_06_6000x.jpg	VQIVYK_ 100.jpg	yes	TAU_HUMAN	P10636	-59.1	0.3	0
amyloid	-51.3	116	120.2	1	amyloid	4.8	7	68.2	32.1			50	VQIVEK.pdb	Y627E	-1.91	-4.55	623			VQIVEK	-3.9	-89.3	74.3	-15.8	N.A.	0	yes	101_Tau2_Y5E_1mM_04_8000x.jpg	VQIVYK_ 101.jpg	yes	TAU_HUMAN	P10636	-59.5	0.8	0
amyloid	-52.9	109.7	137	1	amyloid	3.3	5.2	69.7	37.5			66.7	VQIVFK.pdb	Y627F	-3.08	-5.44	623			VQIVFK	-5	-106	76.8	-38	N.A.	3.4	yes	102_Tau2_Y5F_1mM_07_5000x.jpg	VQIVYK_ 102.jpg	yes	TAU_HUMAN	P10636	-69.1	1.2	0.7
amyloid	-49.9	100.3	126.5	1	amyloid	3.9	5.4	73.8	34.3			50	VQIVGK.pdb	Y627G	-1.91	-4.55	623			VQIVGK	-8.9	-82.3	67.3	-11.1	N.A.	0	yes	103_Tau2_Y5G_1mM_03_15000x.jpg	VQIVYK_ 103.jpg	yes	TAU_HUMAN	P10636	-55.2	0.2	0
amyloid	-52.4	107.5	128.5	1	amyloid	3.4	4.9	69.6	35.3			50	VQIVHK.pdb	Y627H	-1.91	-4.55	623			VQIVHK	-5.4	-95.7	81.5	-21.5	N.A.	0	yes	104_Tau2_Y5H_1mM_06_6000x.jpg	VQIVYK_ 104.jpg	yes	TAU_HUMAN	P10636	-65	0.8	0
amyloid	-56.1	108.8	140.7	1	amyloid	2.1	6.2	68.1	37.8			66.7	VQIVIK.pdb	Y627I	-3.33	-6.52	623			VQIVIK	-3.1	-111.1	84.4	-37.3	N.A.	3.1	yes	105_Tau2_Y5I_1mM_04_2500x.jpg	VQIVYK_ 105.jpg	yes	TAU_HUMAN	P10636	-71.6	1.8	1.5
amyloid	-51.3	109.8	126.3	1	amyloid	3.8	4.6	67.6	37.2			50	VQIVKK.pdb	Y627K	-1.91	-4.55	623			VQIVKK	-6.2	-94.1	77.2	-23.1	N.A.	0	yes	106_Tau2_Y5K_1mM_01_10000x.jpg	VQIVYK_ 106.jpg	yes	TAU_HUMAN	P10636	-63.3	0.1	0
amyloid	-51.5	111	135.7	1	amyloid	3.3	4.8	67.1	33.9			66.7	VQIVLK.pdb	Y627L	-2.52	-5.3	623			VQIVLK	-2.9	-99.4	75	-32.7	N.A.	0.3	yes				TAU_HUMAN	P10636	-64.2	0.7	0
amyloid	-53.2	115	131.5	1	amyloid	3.4	4.9	70	37.4			66.7	VQIVMK.pdb	Y627M	-2.36	-4.73	623			VQIVMK	-3.2	-104.8	76.6	-35.6	N.A.	0	yes	107_Tau2_Y5M_1mM_08_12000x.jpg	VQIVYK_ 107.jpg	yes	TAU_HUMAN	P10636	-68.3	0.8	0
amyloid	-51.9	102	128.8	1	amyloid	3.3	4.8	66.8	35.4			50	VQIVNK.pdb	Y627N	-1.91	-4.55	623			VQIVNK	-13.1	-87.8	76.5	-24.4	N.A.	0	yes	108_Tau2_Y5N_1mM_03_12000x.jpg	VQIVYK_ 108.jpg	yes	TAU_HUMAN	P10636	-59.8	0.7	0
amyloid	-40.9	100.3	123.2	1	amyloid	3.6	5.1	71.2	37.3			66.7	VQIVPK.pdb	Y627P	-1.91	-4.55	623			VQIVPK	-9.4	-95.1	70.8	-7.6	N.A.	0	yes	114_Tau2_Y5P_1mM_06_2000x.jpg		no	TAU_HUMAN	P10636	-62.2	10.5	0
amyloid	-50.2	109.3	132.3	1	amyloid	3.4	4.9	67.9	33.4			50	VQIVQK.pdb	Y627Q	-1.91	-4.55	623			VQIVQK	-4.4	-89.7	74.5	-19.2	N.A.	0	yes	109_Tau2_Y5Q_1mM_01_6000x.jpg	VQIVYK_ 109.jpg	yes	TAU_HUMAN	P10636	-60.1	0.7	0
amyloid	-53	107.2	129.5	1	amyloid	4.8	5.8	70.3	33.1			50	VQIVRK.pdb	Y627R	-2.03	-4.55	623			VQIVRK	-4.4	-90.7	74.7	-18.1	N.A.	0	yes	110_Tau2_Y5R_1mM_09_10000x.jpg	VQIVYK_ 110.jpg	yes	TAU_HUMAN	P10636	-60.9	0.9	0
amyloid	-49.6	103.7	126.5	7	amyloid	-2.1	-4.4	67.7	37.5			50	VQIVSK.pdb	Y627S	-1.93	-4.55	623			VQIVSK	-14.3	-76.1	81.9	-15.7	N.A.	0	yes	111_Tau2_Y5S_1mM_03_15000x.jpg	VQIVYK_ 111.jpg	yes	TAU_HUMAN	P10636	-58.3	0.2	0
amyloid	-59.4	104.7	133.8	1	amyloid	1.4	3.8	66.8	30.4			50	VQIVTK.pdb	Y627T	-2.67	-4.63	623			VQIVTK	-9.8	-95.7	100.8	-18.6	N.A.	0	yes	112_Tau2_Y5T_1mM_05_8000x.jpg	VQIVYK_ 112.jpg	yes	TAU_HUMAN	P10636	-67.8	8.6	0
amyloid	-56.5	108.5	142.3	1	amyloid	2.1	6	66.9	33.2			66.7	VQIVVK.pdb	Y627V	-3.58	-6.55	623			VQIVVK	-4.3	-100.6	83	-32.1	N.A.	3.2	yes	113_Tau2_Y5V_1mM_06_4000x.jpg	VQIVYK_ 113.jpg	yes	TAU_HUMAN	P10636	-66.6	2	0
amyloid	-52.2	108.8	136.8	1	amyloid	3.2	5	71	37.5			66.7	VQIVWK.pdb	Y627W	-2.66	-5.45	623			VQIVWK	-4.4	-105.3	83.4	-29.3	N.A.	1.2	yes	80_wt2_Y5W_1mM_05_8000x.jpg	VQIVYK_ 80.jpg	yes	TAU_HUMAN	P10636	-69.9	1.4	0
amyloid	-51.1	107	140	1	amyloid	4	5.7	68.8	33.2			83.3	VQIVYA.pdb	K628A	-2.87	-4.98	623			VQIVYA	-5.3	-92.4	71.9	-25.7	N.A.	0.8	yes	71_wt2_K6A_1mM_07_20000x.jpg	VQIVYK_ 71.jpg	yes	TAU_HUMAN	P10636	-62.5	0.4	126.7
amyloid	-50.9	95	146	1	amyloid	3.8	5.7	69.3	32.7			83.3	VQIVYC.pdb	K628C	-3.49	-5.05	623			VQIVYC	-2.3	-96.3	76.5	-29.5	N.A.	0	yes	69_TauWT2_K6C_1mM_03_8000x.jpg	VQIVYK_ 69.jpg	yes	TAU_HUMAN	P10636	-65.7	0.5	32.3
amyloid	-34.1	100.2	135.2	6	amyloid	-1.7	-5	60.9	34.6			66.7	VQIVYD.pdb	K628D	-2.87	-4.98	623			VQIVYD	-9.1	-86.7	78.2	-17	N.A.	0	yes	60_wt2_K6D_1mM_05_15000x.jpg	VQIVYK_ 60.jpg	yes	TAU_HUMAN	P10636	-61.6	5.4	33.5
amyloid	-45.1	108.5	132.3	7	amyloid	-1.6	-4.8	66.3	39.7			66.7	VQIVYE.pdb	K628E	-2.87	-4.98	623			VQIVYE	-8.7	-93.7	88.6	-19.5	N.A.	0	yes	65_wt2_K6E_1mM_06_12000x.jpg	VQIVYK_ 65.jpg	yes	TAU_HUMAN	P10636	-68.3	6	19.3
amyloid	-51	102.2	149.2	1	amyloid	4	3	69.5	41.5			83.3	VQIVYF.pdb	K628F	-3.98	-5.87	623			VQIVYF	-6.7	-110.2	78.5	-44	N.A.	11.6	yes	74_wt2_K6F_1mM_09_15000x.jpg	VQIVYK_ 74.jpg	yes	TAU_HUMAN	P10636	-73.1	0.4	193.6
amyloid	-50.8	92.8	138.7	1	amyloid	3.8	5.7	67.9	28.4			66.7	VQIVYG.pdb	K628G	-2.87	-4.98	623			VQIVYG	-1.8	-87.2	67.7	-24.9	N.A.	0	yes	70_wt2_K6G_1mM_04_12000x.jpg	VQIVYK_ 70.jpg	yes	TAU_HUMAN	P10636	-59.2	0.2	14.5
amyloid	-56.5	100	140.7	1	amyloid	2.7	3.6	70.2	43.4			66.7	VQIVYH.pdb	K628H	-2.87	-4.98	623			VQIVYH	-13.6	-102.7	87.2	-32.7	N.A.	0	yes	64_wt2_K6H_1mM_04_15000x.jpg	VQIVYK_ 64.jpg	yes	TAU_HUMAN	P10636	-71	1.5	0.9
amyloid	-51.4	101.3	152.8	1	amyloid	4	5.8	69.2	38.2			83.3	VQIVYI.pdb	K628I	-4.23	-6.95	623			VQIVYI	-5.5	-107.3	81.4	-33.4	N.A.	10.4	yes	72_TauWT2_K6I_1mM_04_6000x.jpg	VQIVYK_ 72.jpg	yes	TAU_HUMAN	P10636	-70.6	0.6	38.8
amyloid	-52.6	102.3	138.5	1	amyloid	3.3	5.3	69.5	37.4			66.7	VQIVYK.pdb		-4.67	-5.07	623		16537487	VQIVYK	-3.7	-105	81.2	-32.5	2ON93OVL4NP8	1.2	N.A.				TAU_HUMAN	P10636	-69.8	0.9	3.4
amyloid	-51.1	103.5	147.8	1	amyloid	4	5.8	69.4	40.1			83.3	VQIVYL.pdb	K628L	-3.42	-5.74	623			VQIVYL	-6.9	-109.7	80.5	-37.9	N.A.	5.2	yes	86_wt2_K6L_1mM_04_15000x.jpg	VQIVYK_ 86.jpg	yes	TAU_HUMAN	P10636	-71.9	1.3	91.8
amyloid	-51.1	107.5	143.7	1	amyloid	4	5.8	69.3	41			83.3	VQIVYM.pdb	K628M	-3.26	-5.16	623			VQIVYM	-5.9	-111.9	78.5	-41.9	N.A.	1.1	yes	73_TauWT2_K6M_1mM_06_3000x.jpg	VQIVYK_ 73.jpg	yes	TAU_HUMAN	P10636	-73.5	0.6	172.5
amyloid	-54.2	94.5	141	1	amyloid	4	5.8	68.4	39.6			66.7	VQIVYN.pdb	K628N	-2.87	-4.98	623			VQIVYN	-11.5	-94.2	80.7	-25	N.A.	0	yes	68_wt2_K6N_1mM_01_15000x.jpg	VQIVYK_ 68.jpg	yes	TAU_HUMAN	P10636	-65.6	0.8	305.6
amyloid	-39.9	92.8	135.3	7	amyloid	-2.1	-5	63.4	38.4			83.3	VQIVYP.pdb	K628P	-2.87	-4.98	623			VQIVYP	-8	-99.1	86.1	-28.1	N.A.	0	yes	91_TauWT2_K6P_1mM_16_4000x.jpg	VQIVYK_ 91.jpg	yes	TAU_HUMAN	P10636	-70.3	5.7	1.5
amyloid	-54.7	101.8	144.5	1	amyloid	3.8	5.8	69.8	37.9			66.7	VQIVYQ.pdb	K628Q	-2.87	-4.98	623			VQIVYQ	-7.1	-100.2	82.1	-29.2	N.A.	0	yes	55_wt2_K6Q_1mM_01_12000x copy 3.jpg	VQIVYK_ 55.jpg	yes	TAU_HUMAN	P10636	-68.2	0.6	45.7
amyloid	-52.9	99.7	141.7	1	amyloid	3.1	1.9	69.6	37.1			66.7	VQIVYR.pdb	K628R	-2.87	-4.98	623			VQIVYR	-3.7	-101.8	83.5	-30.4	N.A.	1.2	yes	96_wt2_K6R_1mM_02_10000x.jpg	VQIVYK_ 96.jpg	yes	TAU_HUMAN	P10636	-69.6	0.7	1.8
amyloid	-56	96.2	138.7	1	amyloid	4	5.8	69.8	38.1			66.7	VQIVYS.pdb	K628S	-2.87	-4.98	623			VQIVYS	-12.4	-90.1	77.2	-24.9	N.A.	0	yes	66_wt2_K6S_1mM_06_5000x.jpg	VQIVYK_ 66.jpg	yes	TAU_HUMAN	P10636	-63.1	0.4	73.4
amyloid	-55.8	97.2	146	1	amyloid	4	5.8	69.5	40.1			66.7	VQIVYT.pdb	K628T	-3.23	-5.06	623			VQIVYT	-13.2	-96.2	80.6	-29.1	N.A.	0	yes	67_wt2_K6T_1mM_05_15000x.jpg	VQIVYK_ 67.jpg	yes	TAU_HUMAN	P10636	-66.2	0.6	51.4
amyloid	-51	101	154.5	1	amyloid	4	5.9	68.8	33.9			83.3	VQIVYV.pdb	K628V	-4.47	-6.99	623			VQIVYV	-5.3	-96.1	79.1	-23.9	N.A.	10.9	yes	63_wt2_K6V_1mM_05_15000x.jpg	VQIVYK_ 63.jpg	yes	TAU_HUMAN	P10636	-65.2	0.6	220.4
amyloid	-51	101.3	149	1	amyloid	4	5.7	69.3	43.1			83.3	VQIVYW.pdb	K628W	-3.21	-5.88	623			VQIVYW	-8.1	-107.1	81	-34	N.A.	8.4	yes	81_wt2_K6W_1mM_02_5000x.jpg	VQIVYK_ 81.jpg	yes	TAU_HUMAN	P10636	-72.5	0.6	14
amyloid	-51	94.8	150.7	1	amyloid	4	3	69.5	39.5			83.3	VQIVYY.pdb	K628Y	-3.77	-5.42	623			VQIVYY	-4.3	-109.1	78.9	-41.4	N.A.	3.3	yes	75_wt2_K6Y_1mM_05_15000x.jpg	VQIVYK_ 75.jpg	yes	TAU_HUMAN	P10636	-72.8	0.6	147.3
amyloid	-51.3	102.7	133	1	amyloid	3.2	5.2	74.6	42.3			66.7	VQIWYK.pdb	V626W	-3.34	-3.88	623			VQIWYK	-4.4	-117.5	87.1	-37.7	N.A.	0.9	yes	79_wt2_V4W_1mM_02_15000x.jpg	VQIVYK_ 79.jpg	yes	TAU_HUMAN	P10636	-79.6	2.3	439.3
amyloid	-52	96.2	134.7	1	amyloid	3.1	5.9	73.4	44.3			66.7	VQIYYK.pdb	V626Y	-2.72	-3.41	623			VQIYYK	-10.8	-112.8	88.4	-36.6	N.A.	0	yes	3_wt2_V4Y_1mM_05_20000x.jpg	VQIVYK_ 3.jpg	yes	TAU_HUMAN	P10636	-77.3	0.7	277.2
amyloid	-52	104.5	133.5	1	amyloid	3.1	6	74.2	35.8			66.7	VQLVYK.pdb	I625L	-2.08	-3.77	623			VQLVYK	-1.8	-112.3	85.1	-33	N.A.	0	yes	84_wt2_I3L_1mM_06_12000x.jpg	VQIVYK_ 84.jpg	yes	TAU_HUMAN	P10636	-73.5	0.7	5.4
amyloid	-51.7	108.5	129.3	1	amyloid	3.4	5.3	73.6	39.4			66.7	VQMVYK.pdb	I625M	-2.08	-3.19	623			VQMVYK	-2.6	-105.5	78.9	-29.5	N.A.	0	yes	5_wt2_I3M_1mM_10_15000x.jpg	VQIVYK_ 5.jpg	yes	TAU_HUMAN	P10636	-71.7	0.9	0.1
amyloid	-52.8	95.5	126.7	1	amyloid	3.7	5.6	72.7	35.4			50	VQNVYK.pdb	I625N	-1.53	-2.99	623			VQNVYK	-14.2	-83	82.6	-11.2	N.A.	0	yes	17_wt2_I3N_1mM_05_12000x.jpg	VQIVYK_ 17.jpg	yes	TAU_HUMAN	P10636	-62	0.4	2.9
amyloid	-51.9	102.8	130.2	1	amyloid	3.7	5.5	72.7	47.5			50	VQQVYK.pdb	I625Q	-1.88	-1.57	623			VQQVYK	-20.5	-88.2	82.4	-11.9	N.A.	0	yes	53_wt2_I3Q_1mM_05_12000x.jpg		no	TAU_HUMAN	P10636	-64.7	0.2	7.4
amyloid	-52.1	98.2	131.7	1	amyloid	2.3	4.5	67.6	30.4			50	VQTVYK.pdb	I625T	-2.92	-3.09	623			VQTVYK	-14.9	-94	89.5	-17.7	N.A.	0	yes	13_wt2_I3T_1mM_02_15000x.jpg	VQIVYK_ 13.jpg	yes	TAU_HUMAN	P10636	-69.6	12.1	0
amyloid	-52.3	102	140.2	1	amyloid	3.7	5.5	68.6	37.7			66.7	VQVVYK.pdb	I625V	-2.94	-5.01	623			VQVVYK	-8.9	-90.6	75.7	-21.8	N.A.	1.2	yes	62_wt2_I3V_1mM_04_15000x.jpg	VQIVYK_ 62.jpg	yes	TAU_HUMAN	P10636	-62.9	0.5	103.8
amyloid	-53.5	100.2	135.7	1	amyloid	5.9	9.1	69.7	36.6			66.7	VRIVYK.pdb	Q624R	-3.26	-5.17	623			VRIVYK	-2.4	-107.6	84.4	-27.8	N.A.	0	yes	93_TauWT2_Q2R_1mM_03_5000x.jpg	VQIVYK_ 93.jpg	yes	TAU_HUMAN	P10636	-72.3	0.8	0
amyloid	-39.3	110.2	125	5	amyloid	-1.4	-1.7	68.2	27.5			66.7	VSFEIV.pdb		-4.95	-6.5	47		20154676	VSFEIV	-6.7	-77.3	67.5	-11.7	N.A.	0	N.A.				CSPB_BACSU	P32081	-55	2.3	29.8
amyloid	-57.6	106	111.8	1	amyloid	3.2	4.8	73	26.4			66.7	VSFLSA.pdb		-1.19	-2.98	251		26049118	VSFLSA	-10.8	-71.3	70.6	-10.1	N.A.	0	N.A.				APOA1_HUMAN	P02647	-52.7	0.4	0.1
amyloid	-51	96.7	132.7	1	amyloid	3.4	5.4	68.5	31.8			66.7	VSIVYK.pdb	Q624S	-2.81	-5.75	623			VSIVYK	-0.9	-97.2	78.8	-25.7	N.A.	3.5	yes	40_wt2_Q2S_1mM_01_6000x.jpg	VQIVYK_ 40.jpg	yes	TAU_HUMAN	P10636	-65.8	0.6	0
amyloid	-49.1	93.5	137.2	1	amyloid	2.5	5.3	63.5	16.5	VSTTVV.png	1679.33/1642.86	50	VSTTVV.pdb		-6.5	-6.34	1035	1.64		VSTTVV	-3.3	-62.1	82	12.6	N.A.	0	yes	VSTTVV.png			E9P9G2_YEASX	E9P9G2	-47.6	0.7	0
amyloid	-51.7	100.7	136	1	amyloid	4	6.8	63.5	29.7			50	VTFTIQ.pdb		-4.59	-5.03			23815227	VTFTIQ	-5.9	-90.3	83	-22.9	N.A.	0	N.A.				N.A.	N.A.	-63.9	0.2	57.3
amyloid	-51.7	97.7	140	1	amyloid	3.3	5.3	65.9	32.7			66.7	VTIVYK.pdb	Q624T	-3.61	-6.5	623			VTIVYK	-0.8	-101.8	82	-31.6	N.A.	17	yes	12_wt2_Q2T_1mM_07_15000x.jpg	VQIVYK_ 12.jpg	yes	TAU_HUMAN	P10636	-68.3	0.6	0.1
amyloid	-56	105.8	118	1	amyloid	2.5	4.6	75.6	24.5			50	VTLHAT.pdb	C189A	-1.85	-2.76	185		26879157	VTLHAT	-4.3	-86.6	90.4	-7.5	N.A.	0	N.A.				ZP4_HUMAN	Q12836	-62.6	1	0
amyloid	-51	97.2	128	1	amyloid	4	5.6	74.8	33.2			66.7	VTLWWG.pdb		-0.89	-4.64			25133634	VTLWWG	-2.5	-107.6	76.1	-36.1	N.A.	0.6	N.A.				N.A.	N.A.	-72.7	3	1.8
amyloid	-50.8	96	130.3	1	amyloid	3.2	2.2	72.3	23.5	VTQVGF.png	1680.7/1648.49	50	VTQVGF.pdb		-2.92	-2.66	137	36.38		VTQVGF	-3.1	-83.1	76.6	-8	N.A.	0	yes	VTQVGF.png			CSGA_ECOLI	P28307	-59.8	6.3	0
amyloid	-50.8	96	130.3	1	amyloid	3.2	2.2	72.3	23.5			50			-2.92	-2.66	45			VTQVGF	-3.1	-83.1	76.6	-8	N.A.	0	N.A.				CSGA_ECOLI	P28307	-59.8	6.3	0
amyloid	-49.6	89.8	116	1	amyloid	2.5	4.6	65.2	23.3			33.3	VTSTFS.pdb		-5.25	-3.25	77		20154676	VTSTFS	-11.2	-68.7	75.5	-8.1	N.A.	0	N.A.				APOA1_HUMAN	P02647	-54.9	4.5	0.9
amyloid	-54.3	110.3	136	1	amyloid	6.5	10.9	64.1	28.8			66.7	VTVIIE.pdb		-5.63	-7.19	0		16537487	VTVIIE	-0.9	-100.9	82.7	-25.6	N.A.	4.6	N.A.				N.A.	N.A.	-65.9	0.4	329.7
amyloid	-49.2	105.2	128.5	1	amyloid	3.1	4.8	68.9	20			50	VTVQAT.pdb		-2.25	-2.66			25229478	VTVQAT	-4.4	-72.6	73.6	2.6	N.A.	0	N.A.				N.A.	N.A.	-51.9	4.8	0
amyloid	-51.1	102.7	149.2	1	amyloid	4	7.1	68.3	31			100	VVFFIC.pdb		-5.45	-7.83			23815227	VVFFIC	0	-106.4	80.9	-33.9	N.A.	242.8	N.A.				N.A.	N.A.	-72.5	1.8	432.2
amyloid	-51.7	101.5	148.5	1	amyloid	3.3	5.4	65.5	33.5			83.3	VVIVYK.pdb	Q624V	-5.3	-8.42	623			VVIVYK	-0.9	-104.2	82	-34.6	N.A.	207.2	yes	61_wt2_Q2V_1mM_05_15000x.jpg	VQIVYK_ 61.jpg	yes	TAU_HUMAN	P10636	-69.2	1	0.3
amyloid	-47.9	93.5	137.2	1	amyloid	2.3	6.7	62.9	17.2	VVSTTV.png	1677.95/1650.75/1639.16	50	VVSTTV.pdb		-6.5	-6.34	1034	24.38		VVSTTV	-5.5	-61.4	76.9	10.1	N.A.	0	yes	VVSTTV.png			E9P9G2_YEASX	E9P9G2	-46.9	0.7	0
amyloid	-52.9	101.8	143	1	amyloid	3.7	5.5	71.3	38.3			83.3	VWIVYK.pdb	Q624W	-3.87	-7.32	623			VWIVYK	-1.8	-114.4	80.8	-38.2	N.A.	173.2	yes	77_wt2_Q2W_1mM_08_15000x.jpg	VQIVYK_ 77.jpg	yes	TAU_HUMAN	P10636	-75.6	3	0
amyloid	-51.3	98.8	136.2	1	amyloid	2.5	4.7	73.1	38.3			83.3	VYIMIG.pdb		-3.92	-6.56			25133634	VYIMIG	0	-119.7	73.6	-48.1	N.A.	9.1	N.A.				N.A.	N.A.	-75.7	4.4	0.5
amyloid	-52	95.3	144.7	1	amyloid	3.7	5.9	68.6	37.5			83.3	VYIVYK.pdb	Q624Y	-4.59	-6.85	623			VYIVYK	-0.9	-116.7	79.2	-44.4	N.A.	103.7	yes	1_wt2_Q2Y_1mM_03_20000x.jpg	VQIVYK_ 1.jpg	yes	TAU_HUMAN	P10636	-76.7	3.1	1.5
amyloid	-51.8	102.3	137.7	1	amyloid	1.8	4.7	74.1	25.6			83.3	WATVYV.pdb	L38W	-2.65	-4.92	38			WATVYV	-4.1	-92.5	90.7	-7.2	N.A.	5.7	yes	37_ApoAI_L1W_1mM_04_3000x.jpg	LATVYV_ 37.jpg	yes	APOA1_HUMAN	P02647	-65.8	8.6	0.5
amyloid	-49.5	109.3	150.5	1	amyloid	3.5	4.9	67.9	43.9			100	WIVIFF.pdb		-7	-10.37	674		20154676	WIVIFF	0	-141	87.5	-62.3	N.A.	426.2	N.A.				RXFP2_HUMAN	Q8WXD0	-90.4	3.8	591.7
amyloid	-34.6	88.2	121.7	7	amyloid	-2.1	-5.1	73.4	30.8	WPNVIT.png	1678.96/1647.55/1635.86	66.7	WPNVIT.pdb	G565V	-0.62	-2.67	0	6.81		WPNVIT	-6	-86	88.2	7.6	N.A.	0	yes	WPNVIT.png			LDLR_HUMAN	P01130	-64.3	12.1	0
amyloid	-52.8	102.7	133	1	amyloid	3.9	6.3	70.9	46.2			66.7	WQIVYK.pdb	V623W	-2.68	-3.88	623			WQIVYK	-6.2	-112	92.8	-23.3	N.A.	19.1	yes	76_wt2_V1W_1mM_03_15000x.jpg	VQIVYK_ 76.jpg	yes	TAU_HUMAN	P10636	-78.3	4.1	3
amyloid	-45.7	93.5	126.7	7	amyloid	-2	-10.7	72.7	37.8	WTFNLY.png	1679.31	66.7	WTFNLY.pdb		-3.54	-3.89	140	123.3		WTFNLY	-18.1	-100.7	97	-31.3	N.A.	0	yes	WTFNLY.png			KCIP1_HUMAN	Q9NZI2	-76.4	10.7	0.5
amyloid	-50.9	110.7	130.5	1	amyloid	7.6	11.4	62.2	32.8			66.7	WTVIIE.pdb		-4.81	-5.78	0		16537487	WTVIIE	-1.7	-104.2	82.2	-25	N.A.	34.2	N.A.				N.A.	N.A.	-70	1.7	305.6
amyloid	-50	85	122.8	1	amyloid	3.5	5.5	67.7	34.2			50	WTVNYS.pdb		-2	-3.4			23815227	WTVNYS	-19.4	-78.1	82.9	-12.2	N.A.	0	N.A.				N.A.	N.A.	-60.7	1.4	466
amyloid	-52.4	100	136.2	1	amyloid	3.2	5.1	68.8	32.6			83.3	WVFWIG.pdb		-4.42	-6.13	202		20154676	WVFWIG	0	-103.9	76.8	-33.4	N.A.	281.5	N.A.				AQP2_HUMAN	P41181	-72.7	7.4	554.5
amyloid	-50.3	116.2	121.2	1	amyloid	4	11.3	75.6	30.9			83.3	YAELIV.pdb		-3.05	-3.83	0		20154676	YAELIV	-8.6	-92.8	82.7	-8.6	N.A.	0	N.A.				N.A.	N.A.	-62.8	0.2	339.9
amyloid	-53	95.8	139.3	1	amyloid	1.8	8.1	75.2	26.7			83.3	YATVYV.pdb	L38Y	-2.95	-4.52	38			YATVYV	-5	-99.3	98.2	-1.2	N.A.	1.5	yes	43_ApoAI_L1Y_1mM_01_2500x.jpg	LATVYV_ 43.jpg	yes	APOA1_HUMAN	P02647	-72.1	16	0.7
amyloid	-49	119.8	105.8	6	amyloid	-1.9	-3.8	77.9	31.5			83.3	YHLAMA.pdb		-0.08	-0.79			26440769	YHLAMA	-3.5	-86.2	81.2	-12.2	N.A.	0	N.A.				N.A.	N.A.	-62.4	1.2	0
amyloid	-52.7	82.3	123.7	1	amyloid	2.9	11.9	71.7	37.9	YIFNNC.png	1679.56/1639.27	66.7	YIFNNC.pdb		-4.24	-4.86	934	45.63		YIFNNC	-13.9	-93	94.4	-11	N.A.	0	yes	YIFNNC.png			UN13B_HUMAN	O14795	-71.6	4.3	0
amyloid	-50.3	100.7	133.7	1	amyloid	3.5	5.7	73.5	47.2	YLFLQY.png	1679.56/1639.27	83.3	YLFLQY.pdb		-4.17	-3.27	485	34.29		YLFLQY	-4.7	-128.5	88	-42.6	N.A.	1.1	yes	YLFLQY.png			SLIK5_HUMAN	O94991	-85.6	6.9	0.1
amyloid	-51.8	93	135	1	amyloid	3.5	10.3	77.7	45.3			100	YLLWYC.pdb		-2.88	-3.35			23815227	YLLWYC	-0.3	-134.2	97.7	-23.8	N.A.	115.2	N.A.				N.A.	N.A.	-91.7	16.1	555.7
amyloid	-54.6	88.7	136.7	1	amyloid	2.9	12.9	75.9	41.8			83.3	YLLYYT.pdb		-5.07	-2.98	83		14691246	YLLYYT	-3.8	-125	95.2	-29.9	N.A.	34	N.A.				B2MG_HUMAN	P61769	-85.4	5.1	532.6
amyloid	-46.4	90.8	126.7	7	amyloid	-2.1	-1	74.4	50			66.7	YLNWYQ.pdb		-1.98	-1.98	0		20154676	YLNWYQ	-18	-111.5	118.5	-16.7	N.A.	1.2	N.A.				N.A.	N.A.	-84.7	2.1	556.9
amyloid	-54.6	93.2	132.2	1	amyloid	2.9	10.3	73	35.4			66.7	YLVNFT.pdb		-0.95	-4.14			23815227	YLVNFT	-10.3	-102.7	87.5	-20.4	N.A.	2	N.A.				N.A.	N.A.	-72.9	5.2	547.4
amyloid	-57.2	67.7	108.3	1	amyloid	2.6	11.5	77.6	40.7	YNNYNN.png	1679.24/1647.47	33.3	YNNYNN.pdb		1.68	-2.16	73	97.97		YNNYNN	-57.7	-71.2	119	-0.2	N.A.	0	yes	YNNYNN.png			NEW1_YEAST	Q08972	-68.9	1.8	0
amyloid	-50.8	96.2	134.7	2	amyloid	2.6	8.5	67.9	44.3			66.7	YQIVYK.pdb	V623Y	-2.79	-3.41	623			YQIVYK	-7.3	-109.5	96.8	-21.1	N.A.	6.5	yes	27_wt2_V1Y_1mM_05_6000x.jpg	VQIVYK_ 27.jpg	yes	TAU_HUMAN	P10636	-79.1	1.4	3.9
amyloid	-45.4	104.7	132.3	7	amyloid	-2	-2.8	76.1	48.3	YQLIWQ.png	1678.63	66.7	YQLIWQ.pdb		-2.91	-2.5	47	162.39		YQLIWQ	-9	-107.8	90.4	-23.9	N.A.	1.5	yes	YQLIWQ.png			ORC3_HUMAN	Q9UBD5	-75.4	2.3	74
amyloid	-52.4	104.2	132.2	1	amyloid	3.7	-5.4	66.6	44.1			66.7	YTVIIE.pdb		-5.21	-5.34	0		16537487	YTVIIE	-1.9	-112.7	190.2	-23.6	N.A.	24.9	N.A.				N.A.	N.A.	-81	11.6	342.6
amyloid	-45.1	93.3	122.7	7	amyloid	-0.7	-5.9	68.1	40.1			66.7	YVEYIG.pdb		-3.31	-2.26	73		20154676	YVEYIG	-12.9	-97.3	87.8	-22	N.A.	0	N.A.				P85A_HUMAN	P27986	-70.2	8.9	65.3
amyloid	-50.8	82.7	125	1	amyloid	3.5	9.6	74.8	54.1			50	YYQNYQ.pdb		-1.63	0.37	45		20154676	YYQNYQ	-39.4	-92.8	103.7	-3.7	N.A.	0	N.A.				ERF3_YEAST	P05453	-77.1	9.1	483.6
